compound_id,SMILES
ZINC2392218,CC(=O)NNC(=O)N1CC2=C(OC3=C1C=C(Cl)C=C3)C=CC=C2
CHEMBL112816,CC(=O)NNC(=O)N1CC2=C(OC3=C1C=C(Cl)C=C3)C=CC=C2
ZINC22053829,C[C@@H](N[C@H]1CCCC[C@@H]1NC(=O)C2=CC=C(Cl)C=C2)C3=C4C=CC=CC4=CC=C3
CHEMBL2402737,COC1=C(NC(=O)[C@@H]2N[C@@H](CC(C)(C)C)[C@@](C#N)([C@H]2C3=C(F)C(=CC=C3)Cl)C4=CC=C(Cl)C=C4F)C=CC(=C1)C(O)=O
ZINC96273105,COC1=C(NC(=O)[C@@H]2N[C@@H](CC(C)(C)C)[C@@](C#N)([C@H]2C3=C(F)C(=CC=C3)Cl)C4=CC=C(Cl)C=C4F)C=CC(=C1)C(O)=O
ZINC59083294,FC1=C(NC(=O)C2=C(Cl)C(=CC=C2)C3(CC3)C#N)C=C(OC4=NC5=C(C=C4)N=C(NC(=O)C6CC6)S5)C=C1
CHEMBL605300,COC(=O)\C1=C(C)\N=C(N[C@H]1C2=CC=C(F)C=C2Cl)\C3=NC=C(F)C=C3F
ZINC3993895,COC(=O)\C1=C(C)\N=C(N[C@H]1C2=CC=C(F)C=C2Cl)\C3=NC=C(F)C=C3F
CHEMBL4161733,C[C@H]([C@H]1CC[C@H](CC1)C2=CC=NC3=CC=C(F)C=C23)C(=O)NC4=CC=C(Cl)C=C4
ZINC28964600,CC(C)(C)C1=CC2=C(C=C1)[C@@H](CC2)NC(=O)NC3=C4C=N[NH]C4=CC=C3
CHEMBL398338,CC(C)(C)C1=CC2=C(C=C1)[C@@H](CC2)NC(=O)NC3=C4C=N[NH]C4=CC=C3
CHEMBL521347,CC\1=C(C(\N=C(/N1)C2=CC(=NC=C2)Cl)C3=C(F)C=C(Cl)C=C3)/C(=O)NC4=C(F)C=C5[NH]N=CC5=C4
ZINC168658420,FC1(F)OC2=CC=C(CN3CCN(CC3)C(=O)NC4=C(Cl)C=CN=C4)C=C2O1
CHEMBL4297294,FC1(F)OC2=CC=C(CN3CCN(CC3)C(=O)NC4=C(Cl)C=CN=C4)C=C2O1
ZINC22010574,C[C@@H]1CN(CCN1C(=O)COC2=CC=C(Cl)C=C2NC(N)=O)CC3=CC=C(F)C=C3
CHEMBL331897,CC[N@@+]1(CC[C@@H](CC1)NC(=O)C2C3=CC(=CC=C3OC4=C2C=C(Cl)C=C4)Cl)C\C5=C\CCCCCC5
24981383,CN(C)S(=O)(=O)c1ccc(N2CCOCC2)c(C(=O)Nc2cc3c(cc2Cl)OCCO3)c1
Z30704595,O=C(Nc1cc(ccc1N1CCOCC1)S(=O)(=O)N1CCCCC1)C1COc2ccccc2O1
CHEMBL1921977,CNC(=O)C1=CC=C2C=C(C=CC2=C1)C3(O)CC[N]4C=NC=C34
CHEMBL412099,[Cl]C1=CC2=C(C=C1)C3=C(N=C([NH]3)C4=C(C=CC=C4[C]#[N])[C]#[N])C5=C2C=CC=C5
ZINC29136213,[Cl]C1=CC2=C(C=C1)C3=C(N=C([NH]3)C4=C(C=CC=C4[C]#[N])[C]#[N])C5=C2C=CC=C5
ZINC22454014,CC1=C(NC(=O)CNC2=CC(=C(F)C=C2)F)C=C(CN3CCNCC3)C=C1
CHEMBL2333365,CC1=C(F)C(=CC=C1C(=O)N2CCOC3=CC=C(C=C3C2)C4=CC=C(N)N=C4)[S+](C)([O-])=O
ZINC95550928,CC1=C(F)C(=CC=C1C(=O)N2CCOC3=CC=C(C=C3C2)C4=CC=C(N)N=C4)[S+](C)([O-])=O
CHEMBL4292264,CC1(C)CCC2(CC1)N[C@H]([C@H](C3=C(F)C(=NC=C3)Cl)[C@]24C(=O)NC5=C4C=CC(=C5)Cl)C(=O)N[C@@H]6CC[C@H](OC6)C(N)=O
CHEMBL420311,NC(=O)C1CCCC2=C1[NH]C3=C2C=C(Cl)C=C3
CHEMBL4297598,C[C@H]([C@H]1CC[C@H](CC1)C2=CC=NC3=CC=C(F)C=C23)C(=O)NC4=CC=C(Cl)C=C4
CHEMBL1198514,ClC1=C(NC(=O)C2=CN=C3C=CC(=C[N]23)C4CCNCC4)C=CC=C1
ZINC48998306,ClC1=C(NC(=O)C2=CN=C3C=CC(=C[N]23)C4CCNCC4)C=CC=C1
CHEMBL1077739,ClC1=C(NC(=O)C2=CN=C3C=CC(=C[N]23)C4CCNCC4)C=CC=C1
CHEMBL2387224,ClC1=C(C(=O)NC2=CC(=NC=C2)NC(=O)C3CC3)C(=CC=C1)Cl
ZINC95920668,ClC1=C(C(=O)NC2=CC(=NC=C2)NC(=O)C3CC3)C(=CC=C1)Cl
ZINC1780082,CC1(C)CC(CC(C)(C)N1)NC(=O)C(=O)NC2=CC=C(Cl)C=C2
CHEMBL254781,CC1(C)CC(CC(C)(C)N1)NC(=O)C(=O)NC2=CC=C(Cl)C=C2
ZINC000040899447,CS(=O)(=O)c1ccc(C(=O)Nc2ccc(Cl)c(c2)-c2ccccn2)c(Cl)c1
CHEMBL4212818,ClC1=CC=C(C=C1)C(=O)NC2=C(N=C3C=CC=C[N]23)C4=CC=CS4
ZINC624098,ClC1=CC=C(C=C1)C(=O)NC2=C(N=C3C=CC=C[N]23)C4=CC=CS4
Z2475280435,Cn1ncc(NS(=O)(=O)c2cccc3OCCCOc23)c1C(O)=O
CHEMBL4303340,CC1=C(C=N[N]1C2=CC=C(Cl)C=C2)C(=O)NC3=CC=C(N4CCC(CC4)N5CCOCC5)C(=C3)C#N
ZINC140341381,CC1=C(C=N[N]1C2=CC=C(Cl)C=C2)C(=O)NC3=CC=C(N4CCC(CC4)N5CCOCC5)C(=C3)C#N
ZINC96270368,OC(=O)C1=CC=CC(=C1)CN2C(=O)\C(C3=C2C=CC=C3)=C(C4=CC=CC=C4)\C5=CC=C(Cl)C=C5
CHEMBL2386114,OC(=O)C1=CC=CC(=C1)CN2C(=O)\C(C3=C2C=CC=C3)=C(C4=CC=CC=C4)\C5=CC=C(Cl)C=C5
CHEMBL1555085,CC1CN(CCN1)[S+]([O-])(=O)C2=C3C=CN=CC3=CC=C2
CHEMBL4216092,OC(=O)C1=C(NC(=O)COCC(=O)N2CCN(CC2)C(C3=CC=CC=C3)C4=CC=CC=C4)C=CC(=C1)Cl
ZINC68267481,OC(=O)C1=C(NC(=O)COCC(=O)N2CCN(CC2)C(C3=CC=CC=C3)C4=CC=CC=C4)C=CC(=C1)Cl
CHEMBL1276678,CN[C@H](CNC(=O)N1CCC[C@H](C1)[C@@H](OCCNC(=O)OC)C2=CC(=CC=C2)Cl)C[C@H]3CCCOC3
ZINC3986227,OC1=C(C=C(Cl)C=C1)C(=O)NC2=CC(=CC(=C2)C(F)(F)F)C(F)(F)F
CHEMBL536151,OC1=C(C=C(Cl)C=C1)C(=O)NC2=CC(=CC(=C2)C(F)(F)F)C(F)(F)F
ZINC592419,FC(F)OC1=CC=C(C=C1OCC2CC2)C(=O)NC3=C(Cl)C=NC=C3Cl
ZINC95571016,CC(C)C[C@H](NC(=O)C1=CC2=CC=CC=C2S1)C(=O)N3CCN(CC3)C(=O)[C@H](CO)N[S+]([O-])(=O)C4=CC=C(Cl)C=C4Cl
CHEMBL4303698,CC(=O)O/N=C/1C(=O)N(CC2=CC(=CC=C2Cl)Cl)C3=CC=C(Cl)C=C13
CHEMBL3348956,CC(N[C@H]1CCCC[C@@H]1NC(=O)C2=CC=C(Cl)C=C2)C3=CC=CC4=C3C=CC=C4
CHEMBL4303565,C[C@@H](N[C@H]1CCCC[C@@H]1NC(=O)C2=CC=C(Cl)C=C2)C3=C4C=CC=CC4=CC=C3
ZINC205893112,COC1=C(OC)C=C2C(=CC=NC2=C1)OC3=CC=C(NC(=O)\C4=C\N(C(C)C)C(=O)N(C4=O)C5=CC=C(F)C=C5)C=C3F
CHEMBL3182926,Clc1cc(c(NS(=O)(=O)C(F)(F)F)cc1)C(=O)OC
CHEMBL3545307,C[N]1N=CC2=C1C=C(C(=C2)OC3=CC=C(NC(=O)\C4=C\C=C(\C)N(C4=O)C5=CC=C(F)C=C5)C=C3F)C6=C[NH]N=C6
ZINC115645995,CC(=O)C/1=C(C)/N(C(=O)N[C@H]1C2=CN=C(C=C2)C#N)C3=CC=CC(=C3)C(F)(F)F
CHEMBL169526,CC(C)(C)COC1=C(C=C(C=C1)[N]2C=C(C=N2)C(O)=O)C#N
ZINC72316197,C[N]1N=CC=C1C/2=C(\C)N(C(=O)C(=C2)/C(=O)NCC3=NC=C(C=C3)[S+](C)([O-])=O)C4=CC=CC(=C4)C(F)(F)F
CHEMBL3617964,C[N]1N=CC=C1C/2=C(\C)N(C(=O)C(=C2)/C(=O)NCC3=NC=C(C=C3)[S+](C)([O-])=O)C4=CC=CC(=C4)C(F)(F)F
ZINC59181534,CCNC1(CN(C1)C2=NC(=NC3=C(C4=CC=C(Cl)C=C4)C(=N[N]23)C5=C(Cl)C=CC=C5)C)C(N)=O
10101912,CCc1ccc(CN(C(=O)c2cc(-c3ccc4c(c3)OCCO4)on2)C2CCS(=O)(=O)C2)cc1
ZINC12187083,OC1(CCN(CC1)C(=O)CCC2=CC=CC=C2)CN3\C=N/C4=C(C=CC(=C4)Cl)C3=O
ZINC584566836,ClC1=CC=C(C=C1)C23C[C@@H]4C[C@@H](CC(C4)(C2)C(=O)NCC5=CC=NC=C5)C3
CHEMBL2107254,Clc1ccccc1C34OCCN4CC(=O)Nc2ccc(Cl)cc23
4534803,O=C1C2=C(N=CN1CC1=CC=C(Cl)C=C1)N(C1=CC3=C(C=C1)OCO3)C1=NC3=CC=CC=C3N=C12
ZINC2855034,CC[N]1C=C(NC(=S)NC2=CC(=CC=C2OC)Cl)C(=N1)C(N)=O
CHEMBL3186128,COC1=CC=C(CCC(=O)NC2=NC3=CC=C(Cl)C=C3S2)C=C1OC
ZINC7485953,COC1=CC=C(CCC(=O)NC2=NC3=CC=C(Cl)C=C3S2)C=C1OC
CHEMBL193240,FC(F)OC1=CC=C(C=C1OCC2CC2)C(=O)NC3=C(Cl)C=NC=C3Cl
ZINC598965,COC1=C(OC2CCCC2)C=C(C=C1)C(=O)NC3=C(Cl)C=NC=C3Cl
CHEMBL3335183,OC1=C(C=CC=C1)C(=O)NC2=C(F)C=C(Cl)C=C2
ZINC42237437,OC1=C(C=CC=C1)C(=O)NC2=C(F)C=C(Cl)C=C2
ZINC7997417,CC1=C(Cl)C=C2N(CCC2=C1)C(=O)NC3=C4C=CC=CC4=NC=C3
CHEMBL253811,C[C@H](N)CC1=CC(=CC=C1)C(F)(F)F
ZINC1675817,C[C@H](N)CC1=CC(=CC=C1)C(F)(F)F
ZINC1021,O=C(OCc1ccccc1)c2ccccc2
CHEMBL1239,O=C(OCc1ccccc1)c2ccccc2
ZINC391816,O=C(OCC1=CC=CC=C1)C2=CN=CC=C2
ZINC101772465,F[C@H]1C[C@@H](C#N)N(C1)C(=O)CN[C@@H]2[C@H]3CN(C[C@@H]23)C(=O)C4=CC=C(F)C=C4
PV-002925557551,CCc1ccc(C(=O)N2CCC2CNC(=O)c2cc(=O)[nH]c(=O)[nH]2)o1
Z4911876314,CCc1ccc(C(=O)N2CCC2CNC(=O)c2cc(=O)[nH]c(=O)[nH]2)o1
Z26768754,Fc1ccc(CCNC(=O)c2cc(ccc2N2CCOCC2)S(=O)(=O)N2CCCCC2)cc1
506900,Cc1ccc(cc1)S(=O)(=O)N1CCN(CCN(CCN(CC1)S(=O)(=O)c1ccc(C)cc1)S(=O)(=O)c1ccc(C)cc1)S(=O)(=O)c1ccc(C)cc1
PV-001938672283,COC(=O)c1cn[nH]c1S(=O)(=O)N1CCCN(C(=O)CC(C)C)CC1
CHEMBL4303305,CC1=C(Cl)C=C2N=C(NC(=O)CC3=CC=CC=C3)SC2=C1
ZINC386312,CC1=C(Cl)C=C2N=C(NC(=O)CC3=CC=CC=C3)SC2=C1
ZINC14211319,ClC1=CC(=CC=C1)COC2=NC(=CN=C2)N3CCNCC3
ZINC30691754,COC1=CC=C(NC(=O)C2=CC=C(C=C2)C(=N)N(C)C)C(=C1)C(=O)NC3=NC=C(Cl)C=C3
CHEMBL512351,COC1=CC=C(NC(=O)C2=CC=C(C=C2)C(=N)N(C)C)C(=C1)C(=O)NC3=NC=C(Cl)C=C3
ZINC5608,COC1=CC2=C(CCNC(C)=O)C=CC=C2C=C1
CHEMBL239800,O=C2N=C(NC(=O)Nc1cccc(Cl)c1)N(C)C2
Z19526294,COc1ccc(cc1)-c1nnc(SCC(=O)NCc2ccc3OCOc3c2)n1CC1CCCO1
32782830,CCCn1cc(C(=O)NCC2CCCO2)c(S(=O)(=O)N2CCN(c3ccc(Cl)cc3)CC2)n1
Z333628124,CC(C)C(NS(=O)(=O)c1ccc2ccccc2c1)C(=O)Nc1cccc(OCC2CCCO2)c1
CHEMBL535607,C[C@@H]1CN(CCN1C(=O)COC2=CC=C(Cl)C=C2NC(N)=O)CC3=CC=C(F)C=C3
CHEMBL232656,C[C@@H]1CN(CCN1C(=O)COC2=CC=C(Cl)C=C2NC(N)=O)CC3=CC=C(F)C=C3
CHEMBL179242,O=C1\C=C(/N=C2\N1\C=C/C3=CC=CC=C23)N4CCOCC4
ZINC13608047,O=C1\C=C(/N=C2\N1\C=C/C3=CC=CC=C23)N4CCOCC4
4561185,COc1ccc(CCn2c(=N)c(C(=O)NCC[NH+]3CCOCC3)cc3c(=O)n4ccccc4nc32)cc1OC
ZINC11677857,COC1=C(Cl)C=C(CNC2=C(C=NC(=N2)N3CCC[C@H]3CO)C(=O)NCC4=NC=CC=N4)C=C1
CHEMBL34913,Cc2nc(C1CCCCC1)c(o2)c3ccc(c(F)c3)S(N)(=O)=O
Z236124422,CC(C)[C@H](NS(=O)(=O)c1ccc2OCCOc2c1)C(=O)OCc1nc(oc1C)-c1cccs1
ZINC602803,CCOC1=C(NC(=O)\C=C\CN(C)C)C=C2C(=C1)N=CC(=C2NC3=CC(=C(F)C=C3)Cl)C#N
CHEMBL208943,O=C([C@@H]1CCCN(C1)C2CCN(CC2)C(=O)C3=C4C=CC=CC4=CC5=CC=CC=C35)N6CCOCC6
ZINC3962830,O=C([C@@H]1CCCN(C1)C2CCN(CC2)C(=O)C3=C4C=CC=CC4=CC5=CC=CC=C35)N6CCOCC6
ZINC205300675,ClC1=C[N](N=C1)C2(CC2)C3=NC4=C([NH]3)N=C(C=C4)N5CCC[C@H](C5)C(=O)N6CCCC6
13987632,O=C(CCc1ncc(-c2ccccc2Cl)o1)NCc1ccc(S(=O)(=O)N2CCOCC2)cc1
ZINC28641215,NC(=O)C1=CN=C(NCCC2=CC=C(O)C(=C2)Cl)N=C1NCC3=CC=CC=C3
CHEMBL26138,CN1C(=O)N(C)C2=C([N](C)C(=N2)\C=C\C3=CC(=CC=C3)Cl)C1=O
ZINC3809416,CN1C(=O)N(C)C2=C([N](C)C(=N2)\C=C\C3=CC(=CC=C3)Cl)C1=O
CHEMBL323556,CC1CNCCN1[S+]([O-])(=O)C2=C3C=CN=CC3=CC=C2
Z4349680036,O=C(Cc1cc(Cl)c2c(c1)OCO2)Nc1ccccc1CN1CCNC1=O
ZINC149270694,CNC(=O)C1=CC=CC=C1NC2=NC(=NC=C2Cl)NC3=CC=C(C=C3)N4CCNCC4
CHEMBL2311740,CC(C)(C)NC(=O)[C@H](N(C(=O)C1=CC=CO1)C2=CC=C(C=C2)C(C)(C)C)C3=CN=CC=C3
ZINC140482,CC1=C(CCNC(=O)C2=CC=CC=C2F)C3=C([NH]1)C=CC=C3
CHEMBL1697771,OC(=O)C(CC/1=C/C(=O)NC2=CC=CC=C12)NC(=O)C3=CC=C(Cl)C=C3
ZINC1188,FC(F)(F)c1cc(ccc1Cl)NC(=O)Nc2ccc(Cl)cc2
CHEMBL1981438,FC(F)(F)c1cc(ccc1Cl)NC(=O)Nc2ccc(Cl)cc2
CHEMBL2063743,FC1=C(NC(=O)C2=C(Cl)C(=CC=C2)C3(CC3)C#N)C=C(OC4=NC5=C(C=C4)N=C(NC(=O)C6CC6)S5)C=C1
CHEMBL541388,Cl.O=S(=O)(c2cccc1cnccc12)N3CCCNCC3
CHEMBL42126,COC1=C(OC2CCCC2)C=C(C=C1)C(=O)NC3=C(Cl)C=NC=C3Cl
CHEMBL1083385,O=S(=O)(O)O.Clc1ccccc1[C@H](N2CCc3sccc3C2)C(=O)OC
CHEMBL525998,CC1=C(Cl)C=C2N(CCC2=C1)C(=O)NC3=C4C=CC=CC4=NC=C3
ZINC3929486,N#C/C(=C1/SC[C@H](S1)c2ccc(Cl)cc2Cl)n3ccnc3
CHEMBL1201155,O=C(O)CCC(=O)O.CN1CCN(CC1)C3=Nc4ccccc4Oc2ccc(Cl)cc23
ZINC3872123,CN1CCN(CC1)\C2=N\C3=C(NC4=C2C=CC=C4)C=CC(=C3)Cl
ZINC25973757,CN1CCN(CC1)C/2=N/C3=C(NC4=C2C=C(Cl)C=C4)C=CC=C3
CHEMBL3735364,FC(F)(F)C1=CC=C(C=C1)C2=CC=CC=C2C(=O)NC3=CC4=C(CN(CC4)CC5=NC=N[NH]5)C=C3
ZINC33972842,FC(F)(F)C1=CC=C(C=C1)C2=CC=CC=C2C(=O)NC3=CC4=C(CN(CC4)CC5=NC=N[NH]5)C=C3
ZINC68201066,COC1=C(OC)N=C(CNC(=O)C2=CC(=CN=C2C3=NC=CC=C3)C4=CC(=CN=C4)Cl)C=C1
CHEMBL3338866,COC1=C(OC)N=C(CNC(=O)C2=CC(=CN=C2C3=NC=CC=C3)C4=CC(=CN=C4)Cl)C=C1
ZINC98052567,CC1=C([N](N=C1C(=O)NCC2=CC=CN=C2)C3=CC=C(Cl)C=C3Cl)C4=CC=C(Cl)C=C4
CHEMBL1324020,Cl.Cl.Cc1cccc(c1)CN2CCN(CC2)C(c3ccc(Cl)cc3)c4ccccc4
CHEMBL1623,CC1=CC=CC(=C1)CN2CCN(CC2)C(C3=CC=CC=C3)C4=CC=C(Cl)C=C4
CHEMBL1201271,CC(C)(C)C1=CC=C(CN2CCN(CC2)C(C3=CC=CC=C3)C4=CC=C(Cl)C=C4)C=C1
Z4911889288,CC1(C)COc2c(S(=O)(=O)NCC3CCCC3NS(C)(=O)=O)cnn2C1
PV-001934538653,CC1(C)COc2c(S(=O)(=O)NCC3CCCC3NS(C)(=O)=O)cnn2C1
CHEMBL1191,Cc2nnc(NS(=O)(=O)c1ccc(N)cc1)s2
1161709,Cc1ccc(cc1)S(=O)(=O)N1CCOCCN(CCOCC1)S(=O)(=O)c1ccc(C)cc1
93963894,Cc1ccc(cc1)S(=O)(=O)N1CCN(CC(=O)N(CCN(C(=O)C1)S(=O)(=O)c1ccc(C)cc1)S(=O)(=O)c1ccc(C)cc1)S(=O)(=O)c1ccc(C)cc1
Z1593435771,Cc1sc2ncc(C(=O)N3C4CCC3CC(=O)NC4)c(=O)n2c1C
CHEMBL1616328,CN1[C@H]2CC[C@@H]1CC(C2)OC(=O)C3\C=N/C4=CC=CC=C34
ZINC19796161,CN1CCN(CC1)CC(=O)N2C3=C(NC(=O)C4=CSC(=C24)C)C=CC=C3
CHEMBL2360490,Cl.Clc2ccccc2CNC(C)Cc1ccccc1
CHEMBL2062162,ClC1=C(CNC[C@H]2CC[C@@H](CC2)CNCC3=C(Cl)C=CC=C3)C=CC=C1
CHEMBL1513392,ClC1=C(CNC[C@H]2CC[C@@H](CC2)CNCC3=C(Cl)C=CC=C3)C=CC=C1
ZINC38214379,CCOC(=O)C1=CC=C(C=C1)N(C)C2=CSC(=N2)C3=CC=CC=C3
CHEMBL4303651,CCOC(=O)C1=CC=C(C=C1)N(C)C2=CSC(=N2)C3=CC=CC=C3
ZINC65731313,CC1=NC(=C(S1)C2=C(F)C=CC=C2)C(=O)N3CCC[C@H]3CC4=NN=C(O4)C5=CC=CC=C5
Z2177427267,CCOC(=O)C1(S(C)(=O)=O)CCN(C(=O)CNS(=O)(=O)c2cccnc2)CC1
CHEMBL817,Cc1ccc(cc1)S(=O)(=O)NC(=O)NN2CCCCCC2
ZINC57512,Cc1ccc(cc1)S(=O)(=O)NC(=O)NN2CCCCCC2
CHEMBL498,O=S(=O)(NC(=O)NCCC)c1ccc(Cl)cc1
ZINC1530599,O=S(=O)(NC(=O)NCCC)c1ccc(Cl)cc1
CHEMBL3182384,Cl.CCN2CCCC2CNC(=O)c1cc(ccc1OC)S(=O)(=O)CC
Z4089615610,CCOc1cccnc1S(=O)(=O)NCc1cn(CCOC)c(=O)[nH]c1=O
ZINC7673,COC[C@@H](NC(C)=O)C(=O)NCC1=CC=CC=C1
CHEMBL58323,COC[C@@H](NC(C)=O)C(=O)NCC1=CC=CC=C1
Z2433325669,O=C(C1CCCc2ccccc12)N1CCC(CC1)C1CCCN1
PV-001847295964,CCCN(CCC)S(=O)(=O)N1CCN(C(=O)c2ccsc2S(N)(=O)=O)CC1
Z4911889632,CCCN(CCC)S(=O)(=O)N1CCN(C(=O)c2sccc2S(N)(=O)=O)CC1
CHEMBL3186037,CC(C)CNC1=CC=NC(=N1)NCC2=CSC(=N2)C3=CC=CC=C3
ZINC71773506,CC(C)CNC1=CC=NC(=N1)NCC2=CSC(=N2)C3=CC=CC=C3
ZINC43202141,COC[C@H](NC(=O)[C@H](COC)NC(=O)C1=CN=C(C)S1)C(=O)N[C@@H](CC2=CC=CC=C2)C(=O)[C@@]3(C)CO3
CHEMBL1908391,CN1CCN(CC1)CC2=CC=C(C=C2)C(=O)NC3=CC=C(C)C(=C3)NC4=NC(=CS4)C5=CC=CN=C5
ZINC34177219,CN1CCN(CC1)CC2=CC=C(C=C2)C(=O)NC3=CC=C(C)C(=C3)NC4=NC(=CS4)C5=CC=CN=C5
Z4392767587,Cc1sccc1S(=O)(=O)N1CCN(Cc2ccno2)CC1
PV-001844027149,CC(C)CC1C(=O)NCCN1C(=O)CNS(=O)(=O)c1ccccc1[N+](=O)[O-]
Z4911889386,CC(C)CC1C(=O)NCCN1C(=O)CNS(=O)(=O)c1ccccc1[N+](=O)[O-]
CHEMBL193,COC(=O)\C1=C(/C)N\C(=C(/C1C2=C(C=CC=C2)[N+]([O-])=O)C(=O)OC)C
ZINC853334,COC1=CC(=C(NC2=NC(=CS2)C3=C(C)N=C4N=CC=C[N]34)C(=C1)Br)Br
CHEMBL468984,COC1=CC(=C(NC2=NC(=CS2)C3=C(C)N=C4N=CC=C[N]34)C(=C1)Br)Br
ZINC3767,O=C(O)Cc2onc(c1ccc(OC)cc1)c2c3ccc(OC)cc3
CHEMBL406,NS(=O)(=O)c1cc(ccc1Cl)C(=O)NN2c3ccccc3CC2C
ZINC6117343,N[C@H]1CC2=CC=CC=C2N(O)C1=O
CHEMBL2047851,N[C@H]1CC2=CC=CC=C2N(O)C1=O
PV-001939641731,CCN(CC)S(=O)(=O)c1cccc(S(=O)(=O)N2CCN3C(CNS3(=O)=O)C2)c1
Z4911889457,CCN(CC)S(=O)(=O)c1cccc(S(=O)(=O)N2CCN3C(CNS3(=O)=O)C2)c1
CHEMBL1449962,COC1=C(Cl)C=C(OC)C(=C1)NC(=O)C2=NOC(=C2)C3CC3
ZINC85540202,COC1=CN=C(O[C@@H]2C[C@H](N(C2)C(=O)[C@@H](NC(=O)OC(C)(C)C)C(C)(C)C)C(=O)N[C@@]3(C[C@H]3C=C)C(=O)N[S+]([O-])(=O)C4CC4)C5=CC(=CC=C15)Cl
CHEMBL2105735,COC1=CN=C(O[C@@H]2C[C@H](N(C2)C(=O)[C@@H](NC(=O)OC(C)(C)C)C(C)(C)C)C(=O)N[C@@]3(C[C@H]3C=C)C(=O)N[S+]([O-])(=O)C4CC4)C5=CC(=CC=C15)Cl
4810876,CSCC[C@H](NC(=O)OC(C)(C)C)C(=O)N1CCC(C(=O)N[C@H](C(=O)NCc2ccc(C)cc2)C(C)C)CC1
ZINC1022020,CN1C(=O)C/N=C(/C2=CC=CC=C2Cl)C3=C1C=CC(=C3)Cl
CHEMBL268248,CN1C(=O)C/N=C(/C2=CC=CC=C2Cl)C3=C1C=CC(=C3)Cl
CHEMBL15313,CCC(C)N(C)C(=O)C1=CC2=CC=CC=C2C(=N1)C3=CC=CC=C3Cl
ZINC40880490,CC(C)(C)OC(=O)NC1=CC=C(C=C1)C2=CC(=NO2)C(=O)NCCCCCCC(=O)NO
CHEMBL511749,CC(C)(C)OC(=O)NC1=CC=C(C=C1)C2=CC(=NO2)C(=O)NCCCCCCC(=O)NO
CHEMBL358653,ClC1=CC2=C(OC3=CC=CC=C3CN2C(=O)NNC(=O)CCSCC4=CC=CO4)C=C1
CHEMBL2356122,Cl.O=C(CN(C)Cc2c(NC(=O)c1ccccc1)cccc2Cl)N3CCOCC3
Z235810152,CCN(CC(=O)Nc1ccc2OCCOc2c1)C(=O)CCc1c(C)nc2n(C)nc(C)c2c1C
ZINC77269398,CCCCOC1=C(Cl)C=C(C=C1)C2=CN=CC(=C2)C(=O)NCC3=CC=CN=C3N4CCOCC4
CHEMBL1963681,COC1=C(Cl)C=C(CNC2=C(C=NC(=N2)N3CCC[C@H]3CO)C(=O)NCC4=NC=CC=N4)C=C1
CHEMBL4303365,COC(=O)CCSCC1=CC=C(C=C1)C2=C(NC(=O)OC(C)C3=C(Cl)C=CC=C3)C(=NO2)C
CHEMBL2105689,N#C/C(=C1/SC[C@H](S1)c2ccc(Cl)cc2Cl)n3ccnc3
ZINC100057062,O=C(N[C@@H]1CC[C@H](CC1)CCN2CCC3=C(C2)C=CC(=C3)C#N)C4=C5C=CC=CC5=NC=C4
CHEMBL259656,FC1=CC=C(C=C1)C2(OC3=C(O2)C=C(C(=C3)F)C(=O)N4CCOCC4)C5=C(Cl)C=C(Cl)C=C5
ZINC3789766,NC(=O)[C@@H]2C[C@]1(NC(=O)NC1=O)c3cc(F)ccc3O2
CHEMBL84446,NC(=O)[C@@H]2C[C@]1(NC(=O)NC1=O)c3cc(F)ccc3O2
Z104926054,CC(C)CCn1c(CN2CCN(CC2)c2ncccn2)nc2n(Cc3ccccc3)c(=O)[nH]c(=O)c12
43680058,CCCCn1c(=O)[nH]c(=O)c2c1nc(COC(=O)CN(C)S(=O)(=O)c1ccc(Cl)cc1)n2CCC
PV-001872634019,Cc1cc(CC(=O)NCc2cn(CC(F)(F)F)c(=O)[nH]c2=O)c2ccccc2c1
ZINC37866151,ClC1=CC=C(C[N]2C=C(C(=O)C(=O)NC3=CC=NC=C3)C4=CC=CC=C24)C=C1
ZINC70466416,COC1=C(OC)C=C2C(=CC=NC2=C1)OC3=CC=C(NC(=O)C4(CC4)C(=O)NC5=CC=C(F)C=C5)C=C3
ZINC000070466416,O[C@@H](CC(O)=O)C(O)=O.COc1cc2nccc(Oc3ccc(NC(=O)C4(CC4)C(=O)Nc4ccc(F)cc4)cc3)c2cc1OC
CHEMBL2105717,COC1=C(OC)C=C2C(=CC=NC2=C1)OC3=CC=C(NC(=O)C4(CC4)C(=O)NC5=CC=C(F)C=C5)C=C3
ZINC7724,CC1=CC=C(SC2=C3C=C(SC3=CN=C2)C(N)=O)C=C1
CHEMBL267678,CC1=CC=C(SC2=C3C=C(SC3=CN=C2)C(N)=O)C=C1
CHEMBL198609,NC(=O)[C@H]1CCCCC2=C1[NH]C3=CC=C(Cl)C=C23
ZINC499303,NC(=O)[C@H]1CCCCC2=C1[NH]C3=CC=C(Cl)C=C23
ZINC3872277,Clc1ccc2N=C(C)NS(=O)(=O)c2c1
CHEMBL481537,CCC(C)N(C)C(=O)C1=NC(=C2C=CC=CC2=C1)C3=C(Cl)C=CC=C3
CHEMBL15313,CCC(C)N(C)C(=O)C1=NC(=C2C=CC=CC2=C1)C3=C(Cl)C=CC=C3
ZINC49933061,CCCCN(CCCC)CCCOc1ccc(cc1)C(=O)c2c3cc(ccc3oc2CCCC)NS(C)(=O)=O
CHEMBL184412,CCCCN(CCCC)CCCOc1ccc(cc1)C(=O)c2c3cc(ccc3oc2CCCC)NS(C)(=O)=O
Z117708632,CN(Cc1cnn(c1)-c1ccccc1)C(=O)CCCNS(=O)(=O)c1ccc2OCCCOc2c1
CHEMBL3301601,CN1C(=N)N[C@@](C)(C[S+]1([O-])=O)C2=CC(=CC=C2F)NC(=O)C3=CC=C(F)C=N3
ZINC116907270,C[C@@H]1C[C@H](N)C[C@@H](C1)C2=C(NC(=O)C3=CC=C(F)C(=N3)C4=C(F)C=CC=C4F)C=NC=C2
CHEMBL3651966,C[C@@H]1C[C@H](N)C[C@@H](C1)C2=C(NC(=O)C3=CC=C(F)C(=N3)C4=C(F)C=CC=C4F)C=NC=C2
ZINC1436,CN1CC(=O)\N=C1\NC(=O)NC2=CC(=CC=C2)Cl
ZINC13484719,COC1=CC2=C3C(=CC4=CC=CC=C4C3=C1O)NC2=O
CHEMBL387864,COC1=CC2=C3C(=CC4=CC=CC=C4C3=C1O)NC2=O
CHEMBL494947,ClC1=CC(=CC=C1)COC2=NC(=CN=C2)N3CCNCC3
6830458,CCOC(=O)C1=C(CN(Cc2ccc3c(c2)OCO3)C(=O)c2ccncc2)NC(=O)NC1c1ccc(OC)cc1
ZINC1534906,ClC1=CC2=C(OC3=CC=CC=C3CN2C(=O)NNC(=O)CCSCC4=CC=CO4)C=C1
CHEMBL377312,ClC1=CC\2=C(NC(=O)\C(=C2N[C@@H]3CN4CCC3CC4)C5=NC6=C([NH]5)C=CC=C6)C=C1
ZINC943071,ClC1=CC=C(Cl)C(=C1)C2=CC=C(O2)\C=C(C#N)\C(=O)NC3=CC=CC4=C3C=CC=N4
CHEMBL224864,ClC1=CC=C(Cl)C(=C1)C2=CC=C(O2)\C=C(C#N)\C(=O)NC3=CC=CC4=C3C=CC=N4
16292231,CCOc1ccc(CNC(=O)Cn2cnc(S(=O)(=O)N3CCC(C)CC3)c2)cc1OC
CHEMBL976,O=C1CN(CC2N1CCC3=C2C=CC=C3)C(=O)C4CCCCC4
CHEMBL64979,O=C2CN(CC1c3ccccc3CCCN12)C(=O)C4CCCCC4
ZINC1632,OC(=O)C1=N[N](CC2=C(Cl)C=C(Cl)C=C2)C3=C1C=CC=C3
CHEMBL2408045,CNC(=O)CN1CCC(CC1)OC2=C(OC)C=C3N=CN=C(NC4=C(F)C(=CC=C4)Cl)C3=C2
ZINC34587071,CNC(=O)CN1CCC(CC1)OC2=C(OC)C=C3N=CN=C(NC4=C(F)C(=CC=C4)Cl)C3=C2
ZINC4392643,CNC1=CC=CC(=N1)CCOC2=CC=C3C[C@@H](CC(O)=O)C(=O)N(CC3=C2)CC(F)(F)F
CHEMBL86992,CNC1=CC=CC(=N1)CCOC2=CC=C3C[C@@H](CC(O)=O)C(=O)N(CC3=C2)CC(F)(F)F
Z4911876147,Cc1cc(CC(=O)NCc2cn(CC(F)(F)F)c(=O)[nH]c2=O)c2ccccc2c1
CHEMBL1236924,[O-][S+](=O)(NC1=CC(=C(OC2=CC3=CC=CC=C3N=C2)C(=C1)Cl)Cl)C4=CC=C(Cl)C=C4Cl
ZINC6485945,[O-][S+](=O)(NC1=CC(=C(OC2=CC3=CC=CC=C3N=C2)C(=C1)Cl)Cl)C4=CC=C(Cl)C=C4Cl
CHEMBL297784,C[N]1C=CC2=CC3=C(CCN3C(=O)NC4=CC=CN=C4)C=C12
CHEMBL1256921,Cl.CN1C=CC2=C1C=C3CCN(C(=O)NC4=CC=CN=C4)C3=C2
CHEMBL504548,CN1C[C@H]2[C@H](C1)C3=CC(=CC=C3OC4=C2C=CC=C4)Cl
ZINC538658,CC1=CC=CC=C1C(=O)NC2=CC=C(C(=C2)C)C(=O)N3CCC[C@@H](O)C4=CC(=CC=C34)Cl
CHEMBL4303142,CC1=CC=CC=C1C(=O)NC2=CC=C(C(=C2)C)C(=O)N3CCC[C@@H](O)C4=CC(=CC=C34)Cl
CHEMBL344159,Cc1ccccc1C(=O)Nc2ccc(c(C)c2)C(=O)N4CCCC(O)c3cc(Cl)ccc34
Z289525532,CC1CN(CC(C)O1)S(=O)(=O)c1cccc(c1)C(=O)N1CC(c2ccccc2)c2ccccc2C1
ZINC3987355,CC1=N[N](C2=CC=CC=C2)C(=C1)C(=O)N3CCN(CC3)C4=CC(=CC=C4)Cl
CHEMBL3184174,CC1=N[N](C2=CC=CC=C2)C(=C1)C(=O)N3CCN(CC3)C4=CC(=CC=C4)Cl
CHEMBL1318529,Cl.O=C(OCC)NNc2nncc1ccccc12
CHEMBL3353408,COC1=C(NC2=NC=C(Cl)C(=N2)C3=C[NH]C4=C3C=CC=C4)C=C(NC(=O)C=C)C(=C1)N(C)CCN(C)C
ZINC147068258,COC1=C(NC2=NC=C(Cl)C(=N2)C3=C[NH]C4=C3C=CC=C4)C=C(NC(=O)C=C)C(=C1)N(C)CCN(C)C
CHEMBL481537,CCC(C)N(C)C(=O)C1=CC2=CC=CC=C2C(=N1)C3=CC=CC=C3Cl
ZINC537931,Clc3cc4CCc1cccnc1C(=C2/CCN(CC2)C(=O)OCC)\c4cc3
CHEMBL998,Clc3cc4CCc1cccnc1C(=C2/CCN(CC2)C(=O)OCC)\c4cc3
43849733,O=C(Nc1ccccc1N1CCOCC1)c1cc(S(=O)(=O)N2CCN(c3ccccc3)CC2)ccc1Cl
Z32036878,O=C(CCC(=O)N1CCN(CC1)S(=O)(=O)c1ccccc1)Nc1ccc(cc1)N1CCOCC1
CHEMBL416755,CCN1\C=C(\C(O)=O)C(=O)C2=C1C=C3OCOC3=C2
ZINC19537374,C1OC2=C(O1)C=C(CN3CCN(CC3)C4=NC=CC=N4)C=C2
CHEMBL1371770,C1OC2=C(O1)C=C(CN3CCN(CC3)C4=NC=CC=N4)C=C2
CHEMBL1201131,CCCc1cc2OCOc2cc1COCCOCCOCCCC
ZINC100153731,CN(C)C(=O)N[C@H]1CC[C@@H](CC1)CCN2CCN(CC2)C3=CC=CC(=C3Cl)Cl
ZINC100907004,CN(C)C(=O)N[C@H]1CC[C@@H](CC1)CCN2CCN(CC2)C3=CC=CC(=C3Cl)Cl
CHEMBL2028019,CN(C)C(=O)N[C@H]1CC[C@@H](CC1)CCN2CCN(CC2)C3=CC=CC(=C3Cl)Cl
ZINC1544805,COC1=C(C=CC=C1)N2CCN(CCCN\C3=C\C(=O)N(C)C(=O)N3C)CC2
CHEMBL279229,COC1=C(C=CC=C1)N2CCN(CCCN\C3=C\C(=O)N(C)C(=O)N3C)CC2
CHEMBL1256716,Cl.COc3ccccc3N2CCN(CCCNC1=CC(=O)N(C)C(=O)N1C)CC2
CHEMBL288470,CN(C)C=2C(=O)N(c1ccccc1)N(C)C=2C
ZINC57115,CN(C)C=2C(=O)N(c1ccccc1)N(C)C=2C
CHEMBL484736,COC1=CC(=CC=C1OCC2=CC=CC=C2)\C=N/NC(=O)C3=CC4=C(OCO4)C=C3
ZINC1106648,COC1=CC(=CC=C1OCC2=CC=CC=C2)\C=N/NC(=O)C3=CC4=C(OCO4)C=C3
ZINC1748,Oc2ccc(OCc1ccccc1)cc2
Z192585478,COc1ccc(cc1S(=O)(=O)Nc1ccc(C)cc1)C(=O)N1CCCN(Cc2ccccc2)CC1
ZINC591392,COC1=C(OCC2=CC=CC=C2)C(=CC(=C1)C(=O)NCC3(CCCC3)N(C)C)OC
2943672,CC(C)(CNC(=O)COc1ccc(S(=O)(=O)N2CCOCC2)cc1)CNC(=O)COc1ccc(S(=O)(=O)N2CCOCC2)cc1
43962604,C[NH+](CC(=O)N1CC[NH+](Cc2ccccc2)CC1)Cc1cccc(S(=O)(=O)N2CCOCC2)c1
11748279,N#CCSc1nnc(-c2cccc(S(=O)(=O)N3CCOCC3)c2)n1Cc1ccc2c(c1)OCO2
ZINC68206341,C[N]1C=C(C=N1)C2=CC(=CC=N2)OC3=C(F)C=C(NC(=O)C4(CC4)C(=O)NC5=CC=CC=C5)C(=C3)F
CHEMBL4303619,C[N]1C=C(C=N1)C2=CC(=CC=N2)OC3=C(F)C=C(NC(=O)C4(CC4)C(=O)NC5=CC=CC=C5)C(=C3)F
CHEMBL426560,OC(=O)CNC(=O)C1=C(O)C2=C(C=CC=C2)C(=N1)Cl
CHEMBL2180727,CC1=CC=CC=C1C(N(C(=O)C[N]2C=CN=C2C)C3=CC=CC(=C3)F)C(=O)NC4CCCCC4
ZINC3916214,CCOC1=CC2=C(C=C1NC(=O)\C=C\CN(C)C)C(=C(C=N2)C#N)NC3=CC=C(OCC4=CC=CC=N4)C(=C3)Cl
ZINC1124963,BrC1=C(OCC(=O)NC2=CN=CC=C2)C=CC3=CC=CC=C13
ZINC01124963,BrC1=C(OCC(=O)NC2=CN=CC=C2)C=CC3=CC=CC=C13
CHEMBL1418045,BrC1=C(OCC(=O)NC2=CN=CC=C2)C=CC3=CC=CC=C13
ZINC7563,CC1=CC=C(NC2=C(Cl)C=CC=C2F)C(=C1)CC(O)=O
CHEMBL1738972,CC[N+](CC)(CC(=O)NC1=C(C)C=CC=C1C)CC2=CC=CC=C2
ZINC2001740,O=C(O)CCCCCCNC2c3ccccc3CCc1ccccc12
CHEMBL418995,O=C(O)CCCCCCNC2c3ccccc3CCc1ccccc12
PV-002869435149,O=C(Cc1ccccc1)NC1CCCCC1CNc1cc(=O)[nH]c(=O)[nH]1
ZINC6473422,[O-][N+](=O)C1=C2[NH]N=CC2=CC=C1
ZINC9090,ClC1=CC2=C([NH]C3=C2C=CN=C3)C(=C1)NC(=O)C4=CC=CN=C4
ZINC43075785,C[N]1N=C(C=C1C(=O)N[C@@H](CC2=CC=CC(=C2)Cl)C(=O)NCC#N)C(C)(C)C
CHEMBL564131,C[N]1N=C(C=C1C(=O)N[C@@H](CC2=CC=CC(=C2)Cl)C(=O)NCC#N)C(C)(C)C
ZINC43197674,C[N]1N=CC(=C1C2=C(Cl)SC(=C2)C(=O)N[C@H](CN)CC3=CC=CC(=C3)F)Cl
CHEMBL3184132,FC(F)(F)OC1=CC=C(C=C1)C(=O)NCCC(=O)N[C@@H]2CCCC3=C2C=CC=C3
ZINC169340548,FC(F)(F)OC1=CC=C(C=C1)C(=O)NCCC(=O)N[C@@H]2CCCC3=C2C=CC=C3
CHEMBL243954,O=C(CCCCCN1CCN(CC1)C2=CC=CC=C2C3=CC=CC=C3)NC4CCCC5=CC=CC=C45
ZINC200856271,C[C@@]1(CCN1C(=O)C2=CSC3=C2C=CC=C3)C(=O)N(CCCC(O)=O)CC4=CC(=CC=C4)Cl
CHEMBL3353541,C[C@@]1(CCN1C(=O)C2=CSC3=C2C=CC=C3)C(=O)N(CCCC(O)=O)CC4=CC(=CC=C4)Cl
Z4911876285,O=C(Cc1ccccc1)NC1CCCCC1CNc1cc(=O)[nH]c(=O)[nH]1
CHEMBL2337808,FC1=C(CC(=O)NC2=NC=CC(=C2)OCC3=CC=C(Cl)C=C3)C(=CC=C1)F
ZINC95587354,FC1=C(CC(=O)NC2=NC=CC(=C2)OCC3=CC=C(Cl)C=C3)C(=CC=C1)F
CHEMBL3184687,COC1=CC=C(CC2=CC=C(NC(N)=O)C=C2)C=C1C3=CC=CC(=C3)Cl
ZINC68153148,COC1=CC=C(CC2=CC=C(NC(N)=O)C=C2)C=C1C3=CC=CC(=C3)Cl
ZINC538174,COC1=C(C=C(C=C1)C(=O)NCC2=CC=CN=C2)C(=O)NCC3=CC=CN=C3
ZINC174849,CC(=O)NCCC1=C[NH]C2=C1C=CC=C2
CHEMBL33171,CC(=O)NCCC1=C[NH]C2=C1C=CC=C2
ZINC57378,OC(=O)CCCC1=C[NH]C2=CC=CC=C12
ZINC58638454,OC(=O)C1=CC2=C(C=C1)C3=CN=CC=C3C(=N2)NC4=CC=CC(=C4)Cl
ZINC116937,COC1=C(OC)C=C2C(NC3=CC(Cl)=CC=C3)=NC=NC2=C1
CHEMBL7917,COC1=CC2=NC=NC(=C2C=C1OC)NC3=CC=CC(=C3)Cl
CHEMBL7917,COC1=C(OC)C=C2C(NC3=CC(Cl)=CC=C3)=NC=NC2=C1
ZINC6810181,CC1=CC=C(C=C1)C(=O)NC2=NOC3=CC=CC=C23
ZINC9293,NNC(=O)C1=N[N](CC2=CC=C(Cl)C=C2Cl)C3=C1C=CC=C3
CHEMBL2447887,NNC(=O)C1=N[N](CC2=CC=C(Cl)C=C2Cl)C3=C1C=CC=C3
Z18766758,O=C(COC(=O)c1ccccc1Cc1ccccc1)Nc1cccc(c1)S(=O)(=O)N=C1CCCN1
CHEMBL3646221,OC(=O)CNC(=O)C1=NC=C(C=C1O)C2=CC=CC(=C2)Cl
ZINC117532869,OC(=O)CNC(=O)C1=NC=C(C=C1O)C2=CC=CC(=C2)Cl
ZINC40393428,ClC1=CC=CC(=C1)NC(=O)NC2=NC=C(CCNC3=NC=NC4=C3SC=C4)S2
ZINC630739,CC(C)(C)C1=CC=C(C=C1)[S+]([O-])(=O)NCC2=CC=C(C=C2)C(=O)NC3=CN=CC=C3
CHEMBL3105156,CC(C)(C)C1=CC=C(C=C1)[S+]([O-])(=O)NCC2=CC=C(C=C2)C(=O)NC3=CN=CC=C3
CHEMBL1585869,CC1=C(OCC2=CC(=NO2)C(=O)N3CCC(CC3)C4=CC=NC=C4)C(=CC=C1)C
ZINC12373493,CC1=C(OCC2=CC(=NO2)C(=O)N3CCC(CC3)C4=CC=NC=C4)C(=CC=C1)C
CHEMBL2219422,C[N]1N=CC(=C1C2=C(Cl)SC(=C2)C(=O)N[C@H](CN)CC3=CC=CC(=C3)F)Cl
6514919,COc1cc(C(C(=O)NC2CCCCC2)N(Cc2cccnc2)C(=O)Cn2nnc3ccccc32)cc(OC)c1OC
ZINC3986746,COC1=CC=C(CC(=O)NCC2=CC=CC=C2C3=CC=CC=C3C(=O)NCCC4=CC=CN=C4)C=C1
CHEMBL1671897,COC1=CC=C(CC(=O)NCC2=CC=CC=C2C3=CC=CC=C3C(=O)NCCC4=CC=CN=C4)C=C1
ZINC8035014,CCCCCCCC\C=C/CCCCCCCC(=O)NCCC1=CC(=C(O)C=C1)O
CHEMBL250711,CCCCCCCC\C=C/CCCCCCCC(=O)NCCC1=CC(=C(O)C=C1)O
Z102625044,O=C(Nc1cccc(c1)N1CCCC1=O)c1cccc(c1)S(=O)(=O)NCc1ccc2OCOc2c1
Z109607876,CN(Cc1cn(nc1-c1ccccc1)-c1ccccc1)C(=O)COc1cccc(c1)N1CCCC1=O
25258088,O=C(NCCc1ccccn1)c1coc(C[NH+](Cc2cccc(Oc3ccccc3)c2)Cc2ccc3c(c2)OCO3)n1
6932848,CCC(C)N(Cc1ccc(N(CC)CC)cc1OS(=O)(=O)CC)C(=O)c1cccc(F)c1
CHEMBL1651524,FC(F)(F)C1=CN=C(OC2=CC(=CC=C2)CC3CCN(CC3)C(=O)NC4=CC=CN=C4)C=C1
ZINC43205344,FC(F)(F)C1=CN=C(OC2=CC(=CC=C2)CC3CCN(CC3)C(=O)NC4=CC=CN=C4)C=C1
6548341,CCOc1ccc(C(C(=O)NCC2CCCO2)N(C(=O)Cn2nnc3ccccc32)c2ccc(NC(C)=O)cc2)cc1
Z1725913293,CC(NC(=O)Cn1ccc(=O)n(C)c1=O)c1ccc(N2CCCS2(=O)=O)cc1
6524613,COc1ccc(C(C(=O)NC2CCCCC2)N(CCc2ccc(OC)c(OC)c2)C(=O)c2cnccn2)cc1
ZINC71257194,CC(C)[S+]([O-])(=O)NC1=CC=C(F)C(=C1F)C(=O)C2=C[NH]C3=NC=C(C=C23)C4=CC=CN=C4
CHEMBL3188517,CC1=CC=CC=C1C(N(C(=O)CNC2=CC=C(C=C2)C#N)C3=CC=CC(=C3)F)C(=O)NC4CCCCC4
ZINC3995426,CN(C)C1=CC=C(NC(=O)NC2=CC(=NC3=C2C=C(F)C=C3F)C)C=C1
CHEMBL1259058,CC(C)OC(=O)[C@H](C)N[P@@](=O)(OC[C@H]1O[C@@H](N2\C=C/C(=O)NC2=O)[C@](C)(F)[C@@H]1O)OC3=CC=CC=C3
ZINC64526913,CC(C)OC(=O)[C@H](C)N[P@@](=O)(OC[C@H]1O[C@@H](N2\C=C/C(=O)NC2=O)[C@](C)(F)[C@@H]1O)OC3=CC=CC=C3
ZINC000145401681,[P@@](=O)(OC[C@H]1O[C@H]([C@](F)([C@@H]1O)C)n1ccc(=O)[nH]c1=O)(Oc1ccccc1)N[C@H](C(=O)OC(C)C)C
CHEMBL68846,OCC1OC(C(O)C1O)N2\C=C/C(=O)NC2=O
CHEMBL100259,OC[C@H]1O[C@H]([C@H](O)[C@@H]1O)N2\C=C/C(=O)NC2=O
ZINC2583633,OC[C@H]1O[C@H]([C@H](O)[C@@H]1O)N2\C=C/C(=O)NC2=O
ZINC40951976,C[C@@H](CN1CCC(CC1)N2C(=O)NC3=C2C=CC(=C3)Cl)NC(=O)C4=CC5=C(C=CC=C5)C=C4
CHEMBL492572,C[C@@H](CN1CCC(CC1)N2C(=O)NC3=C2C=CC(=C3)Cl)NC(=O)C4=CC5=C(C=CC=C5)C=C4
CHEMBL101683,ClC1=CC=C(NC(=O)C2=CC=CC=C2NCC3=CC=NC=C3)C=C1
ZINC8732,ClC1=CC=C(NC(=O)C2=CC=CC=C2NCC3=CC=NC=C3)C=C1
CHEMBL2358658,O=C(O)/C=C/C(=O)O.O=C(CCC2CCN(Cc1ccccc1)CC2)c3ccc4CCCCNc4c3
CHEMBL79004,ClC1=CC2=C([NH]C3=C2C=CN=C3)C(=C1)NC(=O)C4=CC=CN=C4
CHEMBL4072005,O=C(NCC(=O)N1CCCC1)NC2=CC3=C(C=C2)C=NC=C3
ZINC35328520,CN[C@H](CNC(=O)N1CCC[C@H](C1)[C@@H](OCCNC(=O)OC)C2=CC(=CC=C2)Cl)C[C@H]3CCCOC3
CHEMBL1439099,O=C(O)C(=O)O.CCN(CC)CCOC(=O)C(Cc1cccc2ccccc12)CC3CCCO3
CHEMBL3770903,CC1=CC(=NC(=N1)SCC(=O)NC2=NC=C(CC3=CC=CC4=C3C=CC=C4)S2)C
ZINC818861,CC1=CC(=NC(=N1)SCC(=O)NC2=NC=C(CC3=CC=CC4=C3C=CC=C4)S2)C
ZINC43012570,C[C@@H](NC(=O)C1=CC(N)=CC=C1C)C2=CC=CC3=CC=CC=C23
ZINC3797401,CCOC(=O)COC1=CC=C2CC[C@@H](CC2=C1)NC[C@H](O)C3=CC(=CC=C3)Cl
CHEMBL521179,CN(C)CCOC1=CC(=CC=C1NC(=O)C2COC3=CC=CC=C3O2)C4=C[NH]N=C4
ZINC141290205,OC1=C(C(=CC=C1)OCC2CC2)C3=CC(=C4COC(=O)NC4=N3)[C@@H]5CCCNC5
ZINC68267183,FC1=NC=CC(=C1)C2=CC=C(OCC3=CC=CC=C3)C(=C2)C(=O)NC4=CC=CN=C4
ZINC169698697,FC(F)(F)OC1=CC=CC(=C1)CC(=O)NC2=NN=C(CCCCC3=NN=C(NC(=O)CC4=CC=CC=N4)S3)C=C2
CHEMBL3639788,FC(F)(F)OC1=CC=CC(=C1)CC(=O)NC2=NN=C(CCCCC3=NN=C(NC(=O)CC4=CC=CC=N4)S3)C=C2
CHEMBL1614710,FC(F)(F)OC1=CC=C(NC(=O)C2=C(NCC3=CC=NC4=C3C=CC=C4)C=CS2)C=C1
ZINC5137268,CCCC(=O)NCCC1=CSC(=N1)C2=CC=C(Cl)C=C2
CHEMBL63440,CCOC(=O)[C@H]1O[C@@H]1C(=O)N[C@@H](CC(C)C)C(=O)NCCC(C)C
ZINC3913912,CCOC(=O)[C@H]1O[C@@H]1C(=O)N[C@@H](CC(C)C)C(=O)NCCC(C)C
CHEMBL1458713,CC(C)C[C@H](NC(=O)[C@@H]1O[C@H]1C(O)=O)C(=O)NCCCCNC(N)=N
ZINC3870891,CC(C)C[C@H](CC(=O)NO)C(=O)N[C@H](C(=O)N[C@@H](C)C(=O)NCCN)C(C)(C)C
ZINC4095645,CC(C)C[C@H](NC(=O)[C@@H]1O[C@H]1C(O)=O)C(=O)NCCCCNC(N)=N
ZINC56898832,CCOC(=O)[C@@H](N)CCC(=O)N[C@@H](CSCC1=CC=CC=C1)C(=O)N[C@@H](C(=O)OCC)C2=CC=CC=C2
CHEMBL2110585,CCOC(=O)[C@@H](N)CCC(=O)N[C@@H](CSCC1=CC=CC=C1)C(=O)N[C@@H](C(=O)OCC)C2=CC=CC=C2
24322185,CCOC(=O)CNC(=O)C(CC(C)C)NC(=O)C(CC(C)C)NC(=O)OCc1ccccc1
CHEMBL1334860,ClC(Cl)C(=O)N(C)c1ccc(cc1)OC(=O)c2ccco2
ZINC1300,ClC(Cl)C(=O)N(C)c1ccc(cc1)OC(=O)c2ccco2
CHEMBL2107179,[Na+].[Na+].O=C([O-])c2ccc(Cl)cc2Nc1ccccc1C([O-])=O
ZINC253476145,CN(C)CCN(CC1=CC=CC=C1)C(=O)C2=NC3=CC(=N[N]3C(=C2)C4=CC=C(F)C=C4)C(C)(C)C
CHEMBL4211454,FC1=CC=CC(=C1)[N]2C=NC3=C2N=C(N=C3NCC4=NC5=C([NH]4)C(=C(F)C=C5)F)N6CCOCC6
6544905,CN(C)c1ccc(C(C(=O)NC(C)(C)C)N(Cc2ccc3c(c2)OCO3)C(=O)Cn2nnc(-c3ccccc3F)n2)cc1
6539717,CCC(C)(C)NC(=O)C(c1ccc(C)o1)N(Cc1cccc(OC)c1)C(=O)c1snc(C(N)=O)c1N
CHEMBL18331,CC/1=C(CCN2CCC(CC2)C(=O)C3=CC=C(F)C=C3)/C(=O)N4\C=C/C=C\C4=N1
ZINC95705051,FC(F)(F)C(OC(=O)N1CCN(CC1)CC2=CC(=CC=C2)OC3=CC=CC=C3)C(F)(F)F
CHEMBL3356976,FC(F)(F)C(OC(=O)N1CCN(CC1)CC2=CC(=CC=C2)OC3=CC=CC=C3)C(F)(F)F
ZINC98023167,CC(C)CCNC1=C(C=CC=N1)C(=O)N2CCN(CC2)CC3=CC=CC=C3
CHEMBL4302505,CC(C)CCNC1=C(C=CC=N1)C(=O)N2CCN(CC2)CC3=CC=CC=C3
CHEMBL4068896,COC1=CC(=C(Cl)C(=C1Cl)C2=CC3=CN=C(NC4=C(C)C=CC=C4NC(=O)C=C)N=C3C=C2)OC
ZINC210903069,COC1=CC(=C(Cl)C(=C1Cl)C2=CC3=CN=C(NC4=C(C)C=CC=C4NC(=O)C=C)N=C3C=C2)OC
ZINC14299868,FC(F)(F)C1=CC(=CC(=C1)NC(=O)C2=C(N=C(Cl)N=C2)C(F)(F)F)C(F)(F)F
CHEMBL336546,FC(F)(F)C1=CC(=CC(=C1)NC(=O)C2=C(N=C(Cl)N=C2)C(F)(F)F)C(F)(F)F
CHEMBL153843,FC(F)(F)C1=CC(=CC=C1)NC(=O)C2=CC=CC=C2NCC3=CC=NC=C3
ZINC205441365,COC1=CC(=CC2=CC=CC=C12)NC3=C(C=C(C=C3)[N+]([O-])=O)C(O)=O
CHEMBL4086165,COC1=CC(=CC2=CC=CC=C12)NC3=C(C=C(C=C3)[N+]([O-])=O)C(O)=O
CHEMBL43,COC1=C(NC2=C3C=CC=CC3=NC4=C2C=CC=C4)C=CC(=C1)N[S+](C)([O-])=O
CHEMBL2398213,CN(CCCNC(=O)C1=CC=C2N=C3CCCCC3=C(Cl)C2=C1)CC4=CC=CC=C4
CHEMBL2,COC1=CC2=NC(=NC(=C2C=C1OC)N)N3CCN(CC3)C(=O)C4=CC=CO4
CHEMBL2,O=C(N1CCN(CC1)c3nc2cc(OC)c(OC)cc2c(N)n3)c4ccco4
ZINC95616601,O=C(N1CCN(CC1)c3nc2cc(OC)c(OC)cc2c(N)n3)c4ccco4
CHEMBL1200493,Cl.CN(C\C=C\c1ccccc1)Cc3cccc2ccccc23
CHEMBL428495,O=C(O)Cc2cccc1ccccc12
ZINC391809,O=C(O)Cc2cccc1ccccc12
Z52003417,Cc1ccccc1CC(=O)Nc1cc(ccc1N1CCOCC1)S(=O)(=O)N1CCOCC1
CHEMBL130321,CN(C(CC1=CC=C(OS(=O)(=O)C2=CC=CC3=CN=CC=C23)C=C1)C(=O)N4CCN(CC4)C5=CC=CC=C5)S(=O)(=O)C6=C7C=CN=CC7=CC=C6
CHEMBL1200836,[O-][N+](=O)O.Clc3ccc(C(=N\OCc1ccc(Cl)cc1Cl)\Cn2ccnc2)c(Cl)c3
ZINC000003873295,O[N+]([O-])=O.Clc1ccc(CO\N=C(/Cn2ccnc2)c2ccc(Cl)cc2Cl)c(Cl)c1
CHEMBL75,CC(=O)N1CCN(CC1)C2=CC=C(OC[C@H]3CO[C@@](C[N]4C=CN=C4)(O3)C5=CC=C(Cl)C=C5Cl)C=C2
ZINC40847911,O=C(NC1=C[NH]C2=NC=C(C=C12)C3=CC=C(C=C3)C#N)C4=CC=CN=C4
ZINC1639355,BrC1=CC2=C([NH]C3=C2CC(=O)NC4=C3C=CC=C4)C=C1
CHEMBL296586,BrC1=CC2=C([NH]C3=C2CC(=O)NC4=C3C=CC=C4)C=C1
CHEMBL1709464,ClC1=CC=CC=C1C/2=N/CC(=O)NC3=C2C=C(Br)C=C3
CHEMBL2104103,Clc4ccc5CCc1ccccc1N(CCCN2CCC(CC2)(C(N)=O)N3CCCCC3)c5c4
CHEMBL538059,Cl.OCCN1CCN(CC1)C(=O)CN2c3cc(Cl)ccc3SC2=O
171966708,CN(C)c1ccc(C(=O)N2CCOC(COc3cccc(Cl)c3)(CC(=O)N3CCOCC3)C2)cc1
Z31399314,CCCn1c(CCC(=O)Nc2ccc3OCCOc3c2)nc2cc(ccc12)S(=O)(=O)N1CCCC1
6588507,COCCNC(=O)C(c1ccc(OC)cc1)N(CCOC)C(=O)CCC(=O)Nc1ccccn1
ZINC1706,COC(=O)c1cccnc1
CHEMBL379845,COC(=O)c1cccnc1
CHEMBL3188119,O=C(O)C(O)(CC(=O)O)CC(=O)O.CCN(CC)CCOC(=O)c1cccnc1
ZINC95537775,CCOC(=O)CCNC1=NC(=NC(=C1)N2CCC3=C(CC2)C=CC=C3)C4=CC=CC=N4
CHEMBL3183531,CCOC(=O)CCNC1=NC(=NC(=C1)N2CCC3=C(CC2)C=CC=C3)C4=CC=CC=N4
1812803,CCN(CC)S(=O)(=O)c1ccc(NC(=O)CN(c2cccc([N+](=O)[O-])c2)S(=O)(=O)c2ccccc2)cc1
Z4911888736,COC(=O)C1CN(C(=O)OC(C)(C)C)CCCN1S(=O)(=O)c1cccc2c1OCCO2
PV-001848322453,CCCC(C(=O)N1CCN(C(=O)OC(C)(C)C)CC1c1nccn1C)S(N)(=O)=O
Z4911889353,CCCC(C(=O)N1CCN(C(=O)OC(C)(C)C)CC1c1nccn1C)S(N)(=O)=O
ZINC28879084,C1CO[C@@H](C1)CNC2=NC=NC3=C2C(=C(O3)C4=CC=CC=C4)C5=CC=CC=C5
35907860,CCN(CC)c1cc(C(C)(C)C)nc(SCc2ccc(C(=O)NCCOC)o2)n1
ZINC27109670,CC(C)(C)C1=CC=C(NC(=O)N2CCN(CC2)C3=NC=CC=C3Cl)C=C1
CHEMBL441472,CC(C)(C)C1=CC=C(NC(=O)N2CCN(CC2)C3=NC=CC=C3Cl)C=C1
CHEMBL3989958,FC1=CN=CC(=C1)N([C@H](C(=O)NC2CC(F)(F)C2)C3=C(Cl)C=CC=C3)C(=O)[C@@H]4CCC(=O)N4C5=NC=CC(=C5)C#N
ZINC205136523,FC1=CN=CC(=C1)N([C@H](C(=O)NC2CC(F)(F)C2)C3=C(Cl)C=CC=C3)C(=O)[C@@H]4CCC(=O)N4C5=NC=CC(=C5)C#N
CHEMBL1084269,CC1=CC=C(C=C1)[N]2N=C(C=C2NC(=O)NC3=CC(=N[NH]3)COC4=CN=CC=C4)C(C)(C)C
ZINC49045187,CC1=CC=C(C=C1)[N]2N=C(C=C2NC(=O)NC3=CC(=N[NH]3)COC4=CN=CC=C4)C(C)(C)C
Z4911914195,CNS(=O)(=O)c1ccccc1S(=O)(=O)N(C)C1C2CN(C(=O)OC(C)(C)C)CC21
PV-001940329644,CNS(=O)(=O)c1ccccc1S(=O)(=O)N(C)C1C2CN(C(=O)OC(C)(C)C)CC21
CHEMBL209744,O=C(OCC1=CC=CC=C1)C2=CN=CC=C2
CHEMBL86304,Clc1ccc(cc1)C(=O)NCCN2CCOCC2
ZINC19606670,Clc1ccc(cc1)C(=O)NCCN2CCOCC2
CHEMBL2106360,CCCCCCC(COC(=O)C1=CN=CC=C1)(COC(=O)C2=CN=CC=C2)COC(=O)C3=CN=CC=C3
CHEMBL3347630,COC(=O)/C=C/C(=O)N(O)CCCCNCC1=CC=C(COC(=O)NC2=C3C=CC=CC3=CC=C2)C=C1
ZINC95099954,COC(=O)/C=C/C(=O)N(O)CCCCNCC1=CC=C(COC(=O)NC2=C3C=CC=CC3=CC=C2)C=C1
Z1155281892,Cn1c(=O)c2c(ncn2CC(=O)Nc2ccccc2CS(=O)(=O)c2ccccc2)n(C)c1=O
CHEMBL4283683,C[N]1C=C(C=N1)C2=CC=C(C=C2)[S+]([O-])(=O)[N]3C=CC(=C3)/C=C/C(=O)NC4=C(N)C=CC=C4
Z16422741,O=C(Cn1nnc(n1)-c1ccccc1)Nc1cc(ccc1N1CCCC1)S(=O)(=O)N1CCOCC1
CHEMBL3775396,OC(=O)C[N]1N=NC(=N1)C2=CC=C(CN(CCCCOC3=CC=C(CN4CCCC4)C=C3)CCC5=CC=CC=C5)C=C2
ZINC257373391,OC(=O)C[N]1N=NC(=N1)C2=CC=C(CN(CCCCOC3=CC=C(CN4CCCC4)C=C3)CCC5=CC=CC=C5)C=C2
CHEMBL1445411,CC(CC1=CC=C(OCC(=O)O[Na])C=C1)NCC(O)C2=CC=CC(=C2)Cl
Z27179223,COc1ccc(cc1)C(CNC(=O)c1nn(Cc2ccccc2)c(=O)c2ccccc12)N1CCCCC1
11798390,Cc1cc(C(=O)CN2C(=O)NC(C)(c3cccc(-n4cnnn4)c3)C2=O)c(C)n1C(C)c1ccccc1
8331666,COc1ccc(NC(=O)CN(C(=O)Cn2nnc3ccccc32)C(c2cccnc2)c2ccc3c(c2)OCO3)c(OC)c1
CHEMBL3903492,CC1=N[NH]C2=C1C=C(C=N2)C(=O)N3CCC[C@H]3C4=CC=C(Cl)C=C4
Z231886700,O=C(CCCNS(=O)(=O)c1ccc2OCCCOc2c1)N1CCC(CC1)c1c[nH]c2ccccc12
CHEMBL128444,ClC1=C(Cl)C=C(CC(=O)N2CCCCC2CN3CCCC3)C=C1
Z1560836935,Cn1cnnc1C1CCCN1C(=O)CN1C(=O)Cn2c(cc3ccccc23)C1=O
ZINC1490366,BrC1=CC=C(C[N]2C=NC=C2C[N]3C=C(C(=O)N4CCOCC4)C(=C3)C5=CC=CC6=C5C=CC=C6)C=C1
CHEMBL4210419,BrC1=CC=C(C[N]2C=NC=C2C[N]3C=C(C(=O)N4CCOCC4)C(=C3)C5=CC=CC6=C5C=CC=C6)C=C1
CHEMBL14642,CCCC(=O)C1(CCN(CC1)C(=O)[C@@H](CC2=CC=C(OC)C=C2)NC(=O)[C@@H](N)CC3=CN=C[N]3C)C4=CC=CC=C4
ZINC101549216,CN[C@H]1CC[C@@H](CC1)N(CC2=CC=CC(=C2)C3=CC=NC=C3)C(=O)C4=C(Cl)C5=CC=CC=C5S4
ZINC101549216,CNC1CCC(CC1)N(CC2=CC=CC(=C2)C3=CC=NC=C3)C(=O)C4=C(Cl)C5=CC=CC=C5S4
CHEMBL2160033,CNC1CCC(CC1)N(CC2=CC=CC(=C2)C3=CC=NC=C3)C(=O)C4=C(Cl)C5=CC=CC=C5S4
ZINC643138,CC(=O)N1CCN(CC1)C2=CC=C(OC[C@H]3CO[C@@](C[N]4C=CN=C4)(O3)C5=CC=C(Cl)C=C5Cl)C=C2
CHEMBL3609372,CC(C)NC(=O)N1CC[C@@H](C1)NC/2=N/C3=C(C=CC(=C3)F)N(CC(F)F)C4=C2C=C(Cl)C=C4
3172642,CC1CC(C)CN(C(=O)COC(=O)c2ccccc2NS(=O)(=O)c2ccc3c(c2)OCCO3)C1
16135771,CC1CN(C(=O)CCC(=O)NCCC[NH+]2CC[NH+](Cc3ccccc3)CC2)c2cc(Cl)ccc2O1
CHEMBL1456087,CN1CCC2=C1C=CC(=C2)NC(=O)NC3=CC=CN=C3
CHEMBL2385132,CCN(CC1=CC=CN=C1)C(=O)CN(C2=CC=C(OC)N=C2)[S+]([O-])(=O)C3=CC=CC=C3C
CHEMBL48582,C[C@H](NCC1=CC=C(OCC2=CC(=CC=C2)F)C=C1)C(N)=O
CHEMBL396778,C[C@H](NCC1=CC=C(OCC2=CC(=CC=C2)F)C=C1)C(N)=O
ZINC5994,C[N]1C=CC2=CC3=C(CCN3C(=O)NC4=CC=CN=C4)C=C12
CHEMBL3589009,CCC1=CC=C(C=C1)C2=NC(=C(C)O2)CSCC(=O)NCCC3=CC=CC=C3
48930374,CCCOc1ccc(C=C(C(=O)NCCc2ccccc2)C(=O)NCCc2ccccc2)c(OCCC)c1
CHEMBL1823342,CCN(CC)C(=O)C(N1CCN(CC1)C2=CC=C(NC(=O)C3=C(C=CC=C3)C4=CC=CN=C4)C=C2F)C5=CC=CC=C5
CHEMBL2169917,OC(=O)C1=CC=NC(=C1)C2=CC(=CC=N2)C(=O)NCCC3=CC=CC=C3
ZINC22448696,CC(C)(C)NC(=O)[C@@H]1CN(CCN1C[C@@H](O)C[C@@H](CC2=CC=CC=C2)C(=O)N[C@@H]3[C@H](O)CC4=CC=CC=C34)CC5=CC=CN=C5
CHEMBL1735,O[C@H](CN1CCN(C[C@H]1C(=O)NC(C)(C)C)Cc2cccnc2)C[C@@H](Cc3ccccc3)C(=O)N[C@H]4c5ccccc5C[C@H]4O.O=S(=O)(O)O
ZINC95556198,OC(=O)C1=CC=NC(=C1)C2=CC(=CC=N2)C(=O)NCCC3=CC=CC=C3
6573067,CC(C)CCNC(=O)C(c1ccco1)N(C(=O)Cn1nnc2ccccc21)c1ccc2c(c1)OCO2
CHEMBL1257015,COC1=C(C=C(C=C1)C(=O)NCC2=CC=CN=C2)C(=O)NCC3=CC=CN=C3
ZINC95617557,CCN(CC1=CC=CN=C1)C(=O)CN(C2=CC=C(OC)N=C2)[S+]([O-])(=O)C3=CC=CC=C3C
1321130,COc1ccc(N(CC(=O)NCc2cccnc2)S(=O)(=O)c2ccccc2[N+](=O)[O-])c(OC)c1
CHEMBL4173833,CCOC1=CC=C(C=C1)N\2C(=O)C3=CC=CN=C3\N=C2C(C)N(CC4=CC=CN=C4)C(=O)CC5=CC(=C(F)C=C5)C(F)(F)F
171822134,Cc1nc(CCC(=O)NCC[NH+]2CCC3(CCCCCc4ccccc4OCCNC3=O)CC2)cc(C2CCN(S(C)(=O)=O)CC2)n1
24437634,COC(=O)c1cc(NC(=O)CN2C(=O)COc3ccc(S(=O)(=O)N4CCC(C)CC4)cc32)cc(C(=O)OC)c1
ZINC40979996,CC(C)N(C)C(=O)N1CCC(=C/C1)\C2=C(C)[N](N=N2)C3=C(F)N=CC=C3
CHEMBL502882,CC(C)N(C)C(=O)N1CCC(=C/C1)\C2=C(C)[N](N=N2)C3=C(F)N=CC=C3
ZINC40430143,FC1=C(C=C(C/C2=N/NC(=O)C3=C2C=CC=C3)C=C1)C(=O)N4CCN(CC4)C(=O)C5CC5
CHEMBL10878,CC(=O)NCCc1cccc2ccc(OC)cc12
CHEMBL277120,C1CN(CCN1)C2=C3C=CC=CC3=CC=C2
ZINC2516045,C1CN(CCN1)C2=C3C=CC=CC3=CC=C2
CHEMBL8347,COC1=C(C=C(Cl)C=C1)[C@@]2(F)C(=O)NC3=C2C=CC(=C3)C(F)(F)F
ZINC538646,COC1=C(C=C(Cl)C=C1)[C@@]2(F)C(=O)NC3=C2C=CC(=C3)C(F)(F)F
CHEMBL1743261,Clc1ccccc1C34OCC(C)N4CC(=O)Nc2ccc(Cl)cc23
CHEMBL603370,COC(=O)N1CCN(C(CN2CCCC2)C1)C(=O)CC3=CC(=C(Cl)C=C3)Cl
ZINC2299,CN1C[C@H]2[C@H](C1)C3=CC(=CC=C3OC4=C2C=CC=C4)Cl
ZINC31261402,ClC1=CC\2=C(NC3=C(C=CC=C3)\C(=N2)N4CCNCC4)C=C1
CHEMBL1076347,Clc2ccc(NC(=O)Nc1ccc(Cl)cc1)cc2Cl
ZINC121480,Clc2ccc(NC(=O)Nc1ccc(Cl)cc1)cc2Cl
CHEMBL809,CN[C@H]1CC[C@@H](C2=CC=C(Cl)C(=C2)Cl)C3=CC=CC=C13
ZINC1853550,CN[C@H]1CC[C@@H](C2=CC=C(Cl)C(=C2)Cl)C3=CC=CC=C13
CHEMBL1095,CCN1C(=O)NC(C1=O)C2=CC=CC=C2
ZINC95585814,CC(C)[C@@](C)(O)[C@@H]1CN(CCN1)C2=C(Cl)C=C(F)C(=N2)C3=N[NH]C4=C3C=CC=N4
CHEMBL2326002,CC(C)[C@@](C)(O)[C@@H]1CN(CCN1)C2=C(Cl)C=C(F)C(=N2)C3=N[NH]C4=C3C=CC=N4
ZINC585091600,CC1=C(NC(=O)C2=CC(=NC3=CC(=CC=C23)F)C(N)=O)C(=N[N]1CC4=CC=C(C=C4)C(C)(C)C)C(F)(F)F
CHEMBL508307,CC(=O)N1CCN(CC1)C(=O)CC2=CC=C(NC3=NC=C(F)C(=N3)NC4=CC=C(C=C4)C(=O)NC5=C(Cl)C=CC=C5)C=C2
ZINC39280116,CC(=O)N1CCN(CC1)C(=O)CC2=CC=C(NC3=NC=C(F)C(=N3)NC4=CC=C(C=C4)C(=O)NC5=C(Cl)C=CC=C5)C=C2
ZINC3960083,NCC(=O)NC1=CC=C(C=C1)[N]2N=C(C=C2C3=CC4=C(C=C3)C5=C(C=CC=C5)C=C4)C(F)(F)F
CHEMBL1650595,NCC(=O)NC1=CC=C(C=C1)[N]2N=C(C=C2C3=CC4=C(C=C3)C5=C(C=CC=C5)C=C4)C(F)(F)F
ZINC184919,COC1=C(NC(=O)NC2=CC3=C(C=CC=C3)C=C2)C=CC=C1
ZINC35794284,COCCOC1=N[N](C2=CC=C(NC(=O)CCl)C=C2)C(=N1)C3=CC=C(Cl)C(=C3)Cl
CHEMBL3183233,COCCOC1=N[N](C2=CC=C(NC(=O)CCl)C=C2)C(=N1)C3=CC=C(Cl)C(=C3)Cl
ZINC18710082,CC1(C)CNC2=C1C=CC(=C2)NC(=O)C3=CC=CN=C3NCC4=CC=NC=C4
CHEMBL572881,CC1(C)CNC2=C1C=CC(=C2)NC(=O)C3=CC=CN=C3NCC4=CC=NC=C4
ZINC3871759,CC1(C)CCC(C)(C)C2=C1C=CC(=C2)[C@@H](O)C(=O)NC3=C(F)C=C(C=C3)C(O)=O
CHEMBL375270,[O-][N+](=O)C1=CC(=C(Cl)C=C1)C(=O)NC2=CC=CC=C2
ZINC39173,[O-][N+](=O)C1=CC(=C(Cl)C=C1)C(=O)NC2=CC=CC=C2
CHEMBL510698,[O-][N+](=O)C1=CC(C(=O)NC2=CC=NC=C2)=C(Cl)C=C1
CHEMBL1230165,OC(=O)C1=CC2=C(C=C1)C3=CN=CC=C3C(=N2)NC4=CC=CC(=C4)Cl
CHEMBL23588,FC(F)(F)c1cc(ccc1)Nc2ccccc2C(=O)O
ZINC86535,FC(F)(F)c1cc(ccc1)Nc2ccccc2C(=O)O
CHEMBL918,O=C(Cc1ccccc1)NC(N)=O
ZINC1916,O=C(Cc1ccccc1)NC(N)=O
ZINC388462,OC(=O)Cc1ccccc1
CHEMBL49642,ClC1=CC=C(C[N]2C=C(C(=O)C(=O)NC3=CC=NC=C3)C4=CC=CC=C24)C=C1
ZINC68247444,CC1=CC(=CC=N1)C2=CC=C(CC(=O)NC3=CC=C(C=C3)C4=CC=CN=C4)C=C2
CHEMBL2139947,CC1=CC(=CC=N1)C2=CC=C(CC(=O)NC3=CC=C(C=C3)C4=CC=CN=C4)C=C2
ZINC275584,COC1=CC=C(CNCC2=C3C=CC=CC3=CC=C2)C=C1
CHEMBL1620289,COC1=CC=C(CNCC2=C3C=CC=CC3=CC=C2)C=C1
5838247,O=C(NCc1ccc(cc1)C#N)N1CCOCC1
CHEMBL516312,O=C(NC1=C[NH]C2=NC=C(C=C12)C3=CC=C(C=C3)C#N)C4=CC=CN=C4
ZINC4163149,FC1=CC=C(CNC(=O)C(=O)C2=C[NH]C3=CC=CC=C23)C=C1
CHEMBL127135,FC1=CC=C(CNC(=O)C(=O)C2=C[NH]C3=CC=CC=C23)C=C1
CHEMBL4303432,NC1=CC=CC(=C1)CNC(=O)C2=CN=C(OC3=CC=C(OCC4=CC=CC(=C4)F)C=C3)C=C2
CHEMBL3218006,COC1=CC(=CC=C1)CNC(=O)NC2=NC(=CS2)C3=CC=NC=C3
ZINC98023186,COC1=CC(=CC=C1)CNC(=O)NC2=NC(=CS2)C3=CC=NC=C3
CHEMBL190270,O=C(NC1=CC(=N[N]1C2=CC=CC=C2)C3=CC=CC=C3)C4=CC(=CC=C4)C#N
CHEMBL233001,O=C(NC1=C(C#N)C2=C(CCCC2)S1)C3=C4C=CC=CC4=CC=C3
ZINC244029,O=C(NC1=C(C#N)C2=C(CCCC2)S1)C3=C4C=CC=CC4=CC=C3
ZINC1549363,C[C@H](NC(=O)CC1=CC(=CC(=C1)F)F)C(=O)N[C@H](C(=O)OC(C)(C)C)C2=CC=CC=C2
CHEMBL255682,C[C@H](NC(=O)CC1=CC(=CC(=C1)F)F)C(=O)N[C@H](C(=O)OC(C)(C)C)C2=CC=CC=C2
CHEMBL2106626,Clc1c(cc(cc1NC(=O)COC(C)=O)C#N)NC(=O)COC(C)=O
ZINC2000707,Clc1c(cc(cc1NC(=O)C(=O)O)C#N)NC(=O)C(=O)O
CHEMBL1201266,Clc1c(cc(cc1NC(=O)C(=O)O)C#N)NC(=O)C(=O)O
CHEMBL1034,[Na]OC(=O)CC1=C(NC2=C(Cl)C=CC=C2Cl)C=CC=C1
CHEMBL1486366,OC1=CC=C(CNC2=CC=CC=C2F)C3=CC=CN=C13
ZINC1490414,COC1=C(OC)C=C2C(=CC=NC2=C1)OC3=CC=C(NC(=O)NC4=CC=C(F)C=C4F)C(=C3)F
CHEMBL178455,COC1=C(OC)C=C2C(=CC=NC2=C1)OC3=CC=C(NC(=O)NC4=CC=C(F)C=C4F)C(=C3)F
CHEMBL4087968,NC1=C(NC(=O)C2=CC=C(CNC(=O)/C=C/C3=CN=CC=C3)C=C2)C=C(F)C=C1
ZINC1550499,C[C@@H](NCCCC1=CC=CC(=C1)C(F)(F)F)C2=CC=CC3=CC=CC=C23
CHEMBL1200776,Cl.FC(F)(F)c3cccc(CCCN[C@H](C)c2cccc1ccccc12)c3
CHEMBL1201284,C[C@@H](NCCCC1=CC=CC(=C1)C(F)(F)F)C2=CC=CC3=CC=CC=C23
ZINC1912572,FC(F)(F)C1=CC(=CC=C1)NC(=O)C2=CC=CC=C2NCC3=CC=NC=C3
CHEMBL4212531,CC(C)(CO)[N]1C=C(C(=O)C2=CN=CC(=C2)NC(=O)CC3=CC=C(Cl)C=N3)C4=CN=C(N)N=C14
ZINC203540977,CC(C)(CO)[N]1C=C(C(=O)C2=CN=CC(=C2)NC(=O)CC3=CC=C(Cl)C=N3)C4=CN=C(N)N=C14
CHEMBL2105029,Cl.Clc1cnc(cc1)C(=O)NCCN
ZINC101200775,ClC1=C(CNC[C@H]2CC[C@@H](CC2)CNCC3=C(Cl)C=CC=C3)C=CC=C1
ZINC100001994,ClC1=C(CNC[C@H]2CC[C@@H](CC2)CNCC3=C(Cl)C=CC=C3)C=CC=C1
ZINC1090,CNC(=O)Oc2cccc1ccccc12
CHEMBL46917,CNC(=O)Oc2cccc1ccccc12
ZINC3872906,CN[C@@H]1C[C@@H](C2=CC(=C(Cl)C=C2)Cl)C3=CC=CC=C13
CHEMBL708,ClC1=CC2=C(CC(=O)N2)C=C1CCN3CCN(CC3)C4=NSC5=CC=CC=C45
25267684,O=C(NCC[NH+]1CCOCC1)c1coc(C[NH+](Cc2ccccc2)Cc2cccc(Cl)c2Cl)n1
ZINC96284926,CC1(COC1)NC(=O)C2=NC=C(C=C2)C#CC3=CC(=CC=C3)F
CHEMBL2431173,CC1(COC1)NC(=O)C2=NC=C(C=C2)C#CC3=CC(=CC=C3)F
ZINC205126836,FC1=CC=C2N=C(C=C(C(=O)NCCN3CCCC3)C2=C1)C4=CC=C(CN5CCOCC5)C=C4
CHEMBL4091762,FC1=CC=C2N=C(C=C(C(=O)NCCN3CCCC3)C2=C1)C4=CC=C(CN5CCOCC5)C=C4
Z759414844,CCCN(C(=O)c1ccc2c(C)nn(C)c2n1)c1c(N)n(Cc2ccccc2)c(=O)[nH]c1=O
ZINC22036130,CN1CCN(CC1)C\C2=N\C3=C(C=C(CN(CC#C)C4=CC=C(C=C4)C(=O)NCC5=CC=CN=C5)C(=C3)Cl)C(=O)N2C
ZINC53084692,C[C@H](NCC1=CC=C(OCC2=CC(=CC=C2)F)C=C1)C(N)=O
CHEMBL4303253,CCCCOC1=C(Cl)C=C(C=C1)C2=CN=CC(=C2)C(=O)NCC3=CC=CN=C3N4CCOCC4
CHEMBL123756,CN1CCN(CC1)C\C2=N\C3=C(C=C(CN(CC#C)C4=CC=C(C=C4)C(=O)NCC5=CC=CN=C5)C(=C3)Cl)C(=O)N2C
CHEMBL2133806,C[N]1C=C(C=N1)C2=N[N]3C(=NN=C3C(F)(F)C4=CC=C5N=CC=CC5=C4)C=C2
ZINC43170515,C[N]1C=C(C=N1)C2=N[N]3C(=NN=C3C(F)(F)C4=CC=C5N=CC=CC5=C4)C=C2
ZINC85537014,CC(C)C1=NC(=CS1)CN(C)C(=O)N[C@@H](CCN2CCOCC2)C(=O)N[C@H](CC[C@H](CC3=CC=CC=C3)NC(=O)OCC4=CN=CS4)CC5=CC=CC=C5
CHEMBL2095208,CC(C)C1=NC(=CS1)CN(C)C(=O)N[C@@H](CCN2CCOCC2)C(=O)N[C@H](CC[C@H](CC3=CC=CC=C3)NC(=O)OCC4=CN=CS4)CC5=CC=CC=C5
ZINC13984603,CC1=CC(=CC=C1)NC(=O)CN2CCC(CC2)C3=CC=CC=N3
CHEMBL375596,CC1=CC(=CC=C1)NC(=O)CN2CCC(CC2)C3=CC=CC=N3
Z67740692,Cc1ccc2nc(cc(C(=O)N3CCN(CC(=O)N4CCCC4)CC3)c2c1)-c1ccccc1
ZINC200489,O=C(CN1CCCCC1)Nc2ccc(cc2)C(=O)OCC
CHEMBL4214567,OC1=CC=C(F)C=C1C(N2CC3=C(C=CC=C3)C2=O)C(=O)NC4=NC=CS4
CHEMBL4303710,CC1=C(CNC(=O)NCC2=CC=CS2)C3=CC=CC=C3O1
ZINC131481,CC1=C(CNC(=O)NCC2=CC=CS2)C3=CC=CC=C3O1
ZINC3788,O=C2CCCN2CC(=O)Nc1c(C)cccc1C
CHEMBL260829,O=C2CCCN2CC(=O)Nc1c(C)cccc1C
CHEMBL2426364,O=C(N1CCC(CC1)N2CCCC2)C3=CC(=C(C=C3)C(=O)N4CCC(CC4)N5CCCC5)NC6=CC=CC=C6
ZINC83253967,O=C(N1CCC(CC1)N2CCCC2)C3=CC(=C(C=C3)C(=O)N4CCC(CC4)N5CCCC5)NC6=CC=CC=C6
ZINC154642,OC(=O)C1=C(NC2=CC=CC=C2)C=CC=C1
ZINC253387934,COC1=CC(=C(C=C1C(=O)N2CCN(CC2)C(=O)C=C)C3=CC(=CC=C3Cl)Cl)Cl
ZINC19868747,CN1CCN(CC1)C(=O)C2=CC3=CC(=CC=C3[NH]2)Cl
ZINC3781942,COC1=CC=C(C=C1OC)C(=O)N2CCN(CC2)C3=CC4=C(NC(=O)CC4)C=C3
CHEMBL17423,COC1=CC=C(C=C1OC)C(=O)N2CCN(CC2)C3=CC4=C(NC(=O)CC4)C=C3
Z4911889334,CS(=O)(=O)c1cc(C(=O)N2CCN(S(=O)(=O)N=S(C)(C)=O)CC2)ccc1F
PV-001848561793,CS(=O)(=O)c1cc(C(=O)N2CCN(S(=O)(=O)N=S(C)(C)=O)CC2)ccc1F
Z2433330903,CC12CC3CC(C)(C1)CC(C3)(C2)C(=O)N1CCC(CC1)C1CCCN1
CHEMBL1566956,O=C(NC1CCCNC1)c2cc(OC)c(OC)c(OC)c2
ZINC8253943,CCOC1=C(OCC2=CC=C(Cl)C=C2)C(=CC(=C1)CNC3CCCC3)Cl
CHEMBL3301730,CCOC1=C(OCC2=CC=C(Cl)C=C2)C(=CC(=C1)CNC3CCCC3)Cl
CHEMBL2376648,C[C@@H](OC1=CC(=NN=C1N)C(=O)NC2=CC=C(C=C2)C(=O)N3CCN(C)CC3)C4=C(Cl)C=CC(=C4Cl)F
ZINC36475212,ClC1=C2C(=CC=C1)CN(C3=CC=CC(=C3)C(=O)N4CCC5(CCN(CC5)C6=CC=NC=C6)CC4)C2=O
CHEMBL1254945,ClC1=C2C(=CC=C1)CN(C3=CC=CC(=C3)C(=O)N4CCC5(CCN(CC5)C6=CC=NC=C6)CC4)C2=O
CHEMBL542414,Cl.CN1CCN(CC1)c2cc3N(C=C(C(=O)O)C(=O)c3cc2F)c4ccc(F)cc4
CHEMBL478284,CN(C)C(=O)C(=O)C1=C[N](C)C2=CC(=C(C=C12)C(=O)N3CCC(CC3)CC4=CC=C(F)C=C4)Cl
ZINC3962965,CN(C)C(=O)C(=O)C1=C[N](C)C2=CC(=C(C=C12)C(=O)N3CCC(CC3)CC4=CC=C(F)C=C4)Cl
CHEMBL2140838,CN(C)C1CCN(CC1)C(=O)C2=CC=C(NC(=O)NC3=NC(=NC(=N3)N4CCOCC4)N5CCOCC5)C=C2
Z211304338,CCOC(=O)c1ccc(cc1)S(=O)(=O)N1CCN(CC1)C(=O)c1cc(nc2onc(C)c12)C1CC1
CHEMBL1256772,Cl.O=S(C)(=O)c1cc(c(OC)cc1)C(=O)NCCN(CC)CC
CHEMBL489095,C[C@H]1CN(CCN1)CC2=CC=C(CC(=O)N3CCC(CC3)NC4=CC=CC(=C4)F)C=C2
ZINC117445039,CC(C)[N]1N=CC2=C1C(=O)CC3(CCN(CC3)C(=O)C4=CC=C5[NH]C(=NC5=C4)C)C2
CHEMBL3359265,CC(C)[N]1N=CC2=C1C(=O)CC3(CCN(CC3)C(=O)C4=CC=C5[NH]C(=NC5=C4)C)C2
ZINC6489,O=C(N1CCCCC1)C2=CC3=C(C=C2)N=CC=N3
ZINC142824,O=C(C)Nc1ccccc1
CHEMBL269644,O=C(C)Nc1ccccc1
CHEMBL379761,CC(C)\C1=C(/NC(=O)NC2=CC=C(Cl)C=C2)C(=O)N(N1C)C3=CC=CC=C3
ZINC14976923,CC(C)\C1=C(/NC(=O)NC2=CC=C(Cl)C=C2)C(=O)N(N1C)C3=CC=CC=C3
ZINC95921158,CC1=NC(=CC=C1)NC(=O)C2=CC=C(C=C2C(O)=O)C(F)(F)F
CHEMBL3098745,CC1=NC(=CC=C1)NC(=O)C2=CC=C(C=C2C(O)=O)C(F)(F)F
ZINC43152493,OC[C@@H](NC(=O)NC1=CC=C(C=C1)C2=CC=NC=C2)C3=CC=CC=C3
CHEMBL2023158,OC[C@@H](NC(=O)NC1=CC=C(C=C1)C2=CC=NC=C2)C3=CC=CC=C3
CHEMBL2032202,FC1=CC=C(NC(=O)N2CCC3=CC=CC=C3C2C4=CC=C(C=C4)C(F)(F)F)C=C1
CHEMBL191482,CC(C)[C@H](C(=O)NC1=CC=C(C=C1)C(=O)NO)C2=CC=CC=C2
25560735,COCCN1C(=O)c2ccccc2C(C(=O)NCCC[NH+]2CCOCC2)C1c1ccccc1
CHEMBL2164048,CC[C@H](C(=O)NC1=C(C=CC=C1)N2CCCC2)C3=CC=CC=C3
ZINC15941024,CC[C@H](C(=O)NC1=C(C=CC=C1)N2CCCC2)C3=CC=CC=C3
CHEMBL170988,NC(=N)NC(=N)NCCC1=CC=CC=C1
ZINC5851063,NC(=N)NC(=N)NCCC1=CC=CC=C1
CHEMBL38182,BrC1=CC=CC=C1NC(=O)NC2=C3N=N[NH]C3=C(C=C2)C#N
ZINC603064,BrC1=CC=CC=C1NC(=O)NC2=C3N=N[NH]C3=C(C=C2)C#N
ZINC600399,CC1=CC=C(F)C=C1C(=O)NC2=CC=C(C(=C2)Cl)C(=O)N3CC4=CC=C[N]4CC5=CC=CC=C35
CHEMBL49429,CC1=CC=C(F)C=C1C(=O)NC2=CC=C(C(=C2)Cl)C(=O)N3CC4=CC=C[N]4CC5=CC=CC=C35
708546,O=C(Nc1ccccc1)Nc1cccnc1
CHEMBL1511957,Cl.CCN3CCCC(OC(=O)C(c1ccccc1)c2ccccc2)C3
50592250,COCCCNC(=O)N1CCCC(COc2ccccc2C(=O)N2CCCCC2)C1
CHEMBL3092537,C[C@H](NC(=O)CCC/1=N/C2=CC=CC=C2C(=O)N1)C3=CC=CC=C3
ZINC17322922,C[C@H](NC(=O)CCC/1=N/C2=CC=CC=C2C(=O)N1)C3=CC=CC=C3
CHEMBL492634,CC1=CC=CC(=N1)C2=C(N=C(CC3=CC(=CC=C3)C(N)=O)[NH]2)C4=CC=C5N=CC=NC5=C4
CHEMBL2104654,OC(=O)C(=O)NC1=CC(=CC=C1)C2=NN=N[NH]2
ZINC1532937,OC(=O)C(=O)NC1=CC(=CC=C1)C2=NN=N[NH]2
CHEMBL1016,CCOC1=NC2=CC=CC(=C2[N]1CC3=CC=C(C=C3)C4=CC=CC=C4C5=NN=N[NH]5)C(O)=O
CHEMBL3315344,N=C(N)NCCC[C@H](N=C(O)[C@H](Cc1ccccc1)N=C(O)[C@H](Cc1ccccc1)N=C(O)Cc1cccnc1)C(=O)N1CCC[C@H]1C(O)=N[C@@H](CCCNC(=N)N)C(O)=N[C@@H](CC(=[NH2+])O)C(=[NH2+])O
ZINC34850365,C[C@H]1CN(CCN1)CC2=CC=C(CC(=O)N3CCC(CC3)NC4=CC=CC(=C4)F)C=C2
CHEMBL1684242,FC1=CC=CC(=C1)C#CC2=CC=C(C=N2)C(=O)NC3CCC3
ZINC66138253,FC1=CC=CC(=C1)C#CC2=CC=C(C=N2)C(=O)NC3CCC3
CHEMBL1200809,Cl.Clc1ccc(cc1)CC3=NN(C(=O)c2ccccc23)C4CCCN(C)CC4
CHEMBL471792,Clc1ccc(cc1)[C@H]2CC[C@@H](CC2)C=4C(=O)c3ccccc3C(=O)C=4O
1679888,COc1ccccc1OCCNC(=O)NCCCCCCNC(=O)NCCOc1ccccc1OC
CHEMBL980,OCC(O)COc1ccccc1OC
CHEMBL1201117,NC(=O)OCC(O)COc1ccccc1OC
CHEMBL534232,OC(CN1CCN(CC1)C2=CC=CC(=C2)Cl)C(C3=CC=CC=C3)C4=CC=CC=C4
ZINC43064519,COC1=CC(=CC(=C1OC)OC)C2=NC(=CC=C2C(=O)NCCOC3=CC=CC=C3)N[C@H](CO)CC4=CC=CC=C4
CHEMBL457071,COC1=CC(=CC(=C1OC)OC)C2=NC(=CC=C2C(=O)NCCOC3=CC=CC=C3)N[C@H](CO)CC4=CC=CC=C4
CHEMBL287445,CC(NCC1=CC=C(OCC2=CC(=CC=C2)F)C=C1)C(N)=O
CHEMBL4094679,CNC1CCC(CC1)N(CC2=CC(=CC=C2)C3=CC=NC=C3)C(=O)C4=C(Cl)C5=C(F)C=CC(=C5S4)F
CHEMBL552212,CCC[C@H](NC1=C(C)C=NC(=N1)C2=CC(=C(NC(=O)NCC)C=C2)OC)C3=CC=CN=C3
CHEMBL1257030,OC(=O)C1=N[N](CC2=C(Cl)C=C(Cl)C=C2)C3=C1C=CC=C3
CHEMBL560590,O=C(NC1=CC=CC=C1)N2CCC(CC2)CC3=CC4=CC=CC=C4N=C3
CHEMBL723,COC1=C(OCCNCC(O)COC2=CC=CC3=C2C4=CC=CC=C4[NH]3)C=CC=C1
CHEMBL2440787,COC1=C(OCCNCC(O)CCOC2=CC=CC3=C2C4=C([NH]3)C=CC=C4)C=CC=C1
CHEMBL129198,CN1CCN(CC1)C(=O)C2=CC3=CC(=CC=C3[NH]2)Cl
ZINC95920802,NC(=O)CCCSC1=NC(=NC(=N1)C2=C(Cl)C=C3COCC4=CC=CC2=C34)N
CHEMBL3104289,NC(=O)CCCSC1=NC(=NC(=N1)C2=C(Cl)C=C3COCC4=CC=CC2=C34)N
ZINC2465707,COC1=C(Cl)C=C(OC)C(=C1)NC(=O)C2=NOC(=C2)C3CC3
CHEMBL2442081,O=C(C[N]1N=NC2=C1C=CC=C2)N(CC3=CSC=C3)C4=CC=C(NC(=O)C5CC5)C=C4
Z16439503,CCN(C(C)C)c1ccc(NC(=O)CSc2nnc3n(CC=C)c(=O)c4ccccc4n23)cc1
ZINC95572333,CCOC(=O)C1=CC=CC(=C1)CNC2=CC=C(C=C2)N(C)C(=O)NC3=CC=CC=C3
ZINC15924305,NC(=N)NC(=N)NC1=CC=CC(=C1)Cl
CHEMBL336961,BrC1=CC2=C([NH]C3=C2CC(=O)NC4=C3N=CC=C4)C=C1
CHEMBL279433,ClC1=CC=CC(=C1)N2CCN(CC2=O)CC3=CN=C[N]3CC4=CC=C(C=C4)C#N
ZINC53070632,ClC1=CC=CC(=C1)N2CCN(CC2=O)CC3=CN=C[N]3CC4=CC=C(C=C4)C#N
ZINC109066,CC1=CC(=C2C(=C(SC2=N1)C(=O)NCC3=CC=C(Cl)C=C3)N)C
CHEMBL1212994,CC1=CC(=C2C(=C(SC2=N1)C(=O)NCC3=CC=C(Cl)C=C3)N)C
CHEMBL13376,Clc1ccc(cc1)C(=O)c3c2ccc(cc2n(CC(=O)O)c3C)OC
ZINC4212617,Clc1ccc(cc1)C(=O)c3c2ccc(cc2n(CC(=O)O)c3C)OC
CHEMBL1200561,CS(=O)(=O)O.COc1cc2nc(nc(N)c2cc1OC)N3CCN(CC3)C(=O)C4COc5ccccc5O4
CHEMBL2171124,C[N]1C=C(C2=CC3=C(C=C2)N(CC3)C(=O)CC4=CC(=CC=C4)C(F)(F)F)C5=C1N=CN=C5N
ZINC95550949,C[N]1C=C(C2=CC3=C(C=C2)N(CC3)C(=O)CC4=CC(=CC=C4)C(F)(F)F)C5=C1N=CN=C5N
ZINC68197423,OC1=CC(=CC=C1)CNC(=O)C2=CC3=CC(=CC=C3[NH]2)F
6620361,COc1cccc(C(C(=O)NC(C)(C)C)N(CCc2ccccc2)C(=O)CCC(=O)Nc2cc(C)on2)c1OC
ZINC28701758,C[C@H](NC(=O)C(C)(C)OC1=CC=C(C=N1)C(F)(F)F)[C@@H](CC2=CC=C(Cl)C=C2)C3=CC=CC(=C3)C#N
CHEMBL1642655,CC(C)(C)C1=CC=C(C=C1)C(=O)NC2=C[N]3C=C(C=CC3=N2)[N]4C=CN=C4
CHEMBL2107193,O=C(Cc1ccccc1)NCC(=O)N(C)C
ZINC2013457,O=C(Cc1ccccc1)NCC(=O)N(C)C
CHEMBL86304,ClC1=CC=C(C=C1)C(=O)NCCN2CCOCC2
35936444,CCCCCCCC(=O)N(Cc1cccc(OS(=O)(=O)c2ccc(F)cc2)c1)Cc1ccco1
ZINC3842038,CCOC1=CC=C(C=C1)N2C(=O)C3=CC=CN=C3/N=C2/[C@@H](C)N(CC4=CC=CN=C4)C(=O)CC5=CC=C(F)C(=C5)C(F)(F)F
CHEMBL1077819,CCOC1=CC=C(C=C1)N2C(=O)C3=CC=CN=C3/N=C2/[C@@H](C)N(CC4=CC=CN=C4)C(=O)CC5=CC=C(F)C(=C5)C(F)(F)F
ZINC43024000,CCC[C@H](NC1=C(C)C=NC(=N1)C2=CC(=C(NC(=O)NCC)C=C2)OC)C3=CC=CN=C3
24424670,COc1ccc(CCNC(=O)CCCCCn2c(SCc3cccc(Cl)c3)nc3cc4OCOc4cc3c2=O)cc1OC
CHEMBL4303333,CC1=C([N](N=C1C(=O)NCC2=CC=CN=C2)C3=CC=C(Cl)C=C3Cl)C4=CC=C(Cl)C=C4
44131220,COc1cc(C=CC(=O)N(Cc2ccc(C#N)cc2)Cc2cccc(F)c2)cc(OC)c1OC
ZINC601283,Clc1ccc(cc1)C(=O)n3c2ccc(cc2c(CC(=O)O)c3C)OC
CHEMBL6,Clc1ccc(cc1)C(=O)n3c2ccc(cc2c(CC(=O)O)c3C)OC
CHEMBL6,COC1=CC2=C(C=C1)[N](C(=C2CC(O)=O)C)C(=O)C3=CC=C(Cl)C=C3
Z4911876335,Cc1ccncc1CC(=O)NC1CCCC1CNc1cc(=O)[nH]c(=O)[nH]1
PV-003012220077,Cc1ccncc1CC(=O)NC1CCCC1CNc1cc(=O)[nH]c(=O)[nH]1
ZINC3961758,CC(C)C(=O)NC1=CC=C(C)C(=C1)C2CCN(CC2)CC3=CC=C(OC4=CC(=C(F)C=C4)F)C=C3
CHEMBL372322,COC1=CC=C(CN2C(=O)C(=O)C3=C2C=CC(=C3)[S+]([O-])(=O)N4CCC[C@H]4COC5=CN=CC=C5)C=C1
ZINC13676501,COC1=CC=C(CN2C(=O)C(=O)C3=C2C=CC(=C3)[S+]([O-])(=O)N4CCC[C@H]4COC5=CN=CC=C5)C=C1
Z2178788070,Cc1nc(CN([C@H](C)C(=O)[O-])S(=O)(=O)c2cccc3c2OCO3)cs1
48989387,CCCCN1C(=O)C(=NNC(=O)CCC(=O)NN=C2C(=O)N(CCCC)c3ccccc32)c2ccccc21
ZINC28049103,COC1=C(N[S+]([O-])(=O)C2=CC=C(Br)C=C2C)C=C3N(C)C(=O)N(C)C3=C1
CHEMBL3770173,COC1=C(N[S+]([O-])(=O)C2=CC=C(Br)C=C2C)C=C3N(C)C(=O)N(C)C3=C1
CHEMBL309760,C[C@H](N)CN1CCC2=CC=C(Br)C=C12
CHEMBL2104287,Cl.CN(C)CCN3c1ccccc1N(C)c2ccccc2C3=O
CHEMBL313952,CC(C)C1=CC=CC(C(C)C)=C1N2C(=O)C3=CC=C(O)C=C3C2=O
CHEMBL2107774,CCC1=CC=C(NC2=C(F)C(=CC(=C2F)F)F)C(=C1)CC(O)=O
ZINC7562,CCC1=CC=C(NC2=C(F)C(=CC(=C2F)F)F)C(=C1)CC(O)=O
5511341,CCc1ccc2c(c1)c(=O)c(C(=O)c1ccc(C)cc1)cn2CC(=O)Nc1cc(OC)cc(OC)c1
ZINC887,O=C(N)c1ccc(cc1Cl)[N+]([O-])=O
CHEMBL1450565,O=C(N)c1ccc(cc1Cl)[N+]([O-])=O
ZINC3873822,OC(=O)C1=C(NCCCC2=CC=CC=C2)C=CC(=C1)[N+]([O-])=O
CHEMBL1256759,OC(=O)C1=C(NCCCC2=CC=CC=C2)C=CC(=C1)[N+]([O-])=O
104680060,[H][C@@]1(C2=CC3=CC=CC=C3N=C2N2CCOCC2)CC(O)=NC2=C3C(=CC=C2)N(CC2=CC=CC=C2)C=C31
104679481,[H][C@@]1(C2=CC3=CC=CC=C3N=C2N2CCCCC2)CC(O)=NC2=C3C(=CC=C2)N(CC2=CC=CC=C2)C=C31
CHEMBL1333440,O=C(NC1CCCCC1)C2(CCCCC2)N(CC3=CC=CS3)C(=O)C4=NC=CC=C4
ZINC3626034,O=C(NC1CCCCC1)C2(CCCCC2)N(CC3=CC=CS3)C(=O)C4=NC=CC=C4
ZINC2146,CN1CCC(CC1)N(Cc2cccs2)c3ccccc3
ZINC2510048,CN(C)CCN(CC1=CC=CS1)C2=CC=CC=N2
CHEMBL1255739,Cl.CN(C)CCN(Cc1cccs1)c2ccccn2
CHEMBL1411979,CN(C)CCN(CC1=CC=CS1)C2=CC=CC=N2
4590211,[H][C@@]1(C2=CC=CC=C2)C2=C(OC3=C1C1=NC(C4=CC=CC=C4Cl)=NN1C=N3)C1=CC=CC=C1C=C2
CHEMBL1200798,Cl.Clc1cccc(c1)N2CCN(CC2)CCCN3N=C4C=CC=CN4C3=O
CHEMBL621,ClC1=CC(=CC=C1)N2CCN(CCCN3\N=C4\C=C/C=C\N4C3=O)CC2
ZINC538483,ClC1=CC(=CC=C1)N2CCN(CCCN3\N=C4\C=C/C=C\N4C3=O)CC2
CHEMBL10878,COC1=CC2=C(CCNC(C)=O)C=CC=C2C=C1
ZINC5608,CC(=O)NCCc1cccc2ccc(OC)cc12
ZINC20237,CCN(CC)CC(=O)NC1=C(C)C=CC=C1C
ZINC20237,O=C(Nc1c(C)cccc1C)CN(CC)CC
CHEMBL79,O=C(Nc1c(C)cccc1C)CN(CC)CC
CHEMBL1371493,O=C(Nc1c(C)cccc1C)C[N+](Cc2ccccc2)(CC)CC.[O-]C(=O)c1ccccc1
CHEMBL3823499,CC(C)(C)[S+]([O-])(=O)C1=CC=C2N=CC=C(NC3=N[NH]C4=C3C=C(F)C=C4)C2=C1
ZINC140121291,CC(C)(C)[S+]([O-])(=O)C1=CC=C2N=CC=C(NC3=N[NH]C4=C3C=C(F)C=C4)C2=C1
CHEMBL3188944,O=C(NC1=N[NH]C2=CC(=CC=C12)C3=CC(=CC=C3)C(=O)NC4CC4)C5CC5
CHEMBL247378,[O-][N+](=O)C1=C2[NH]N=CC2=CC=C1
ZINC1539352,ClC1=CC=C(CCCOC/2=N/NC(=O)C(=C2NCC3=CN=CC=C3)/Br)C=C1
ZINC253387883,CC(C)(C)C[C@H]1N[C@H]([C@H](C2=CC=CC(=C2F)Cl)[C@@]13C(=O)NC4=C3C=CC(=C4)Cl)C(=O)N[C@H]5CC[C@H](O)CC5
CHEMBL2105615,Cl.Cl.O.O.CCN(CC)CCCC(C)Nc1c3cc(OC)ccc3nc2cc(Cl)ccc12
CHEMBL7568,CCN(CC)CCCC(C)NC1=C2C=C(OC)C=CC2=NC3=C1C=CC(=C3)Cl
43966586,COc1ccc(C[NH+]2CC[NH+](CC(=O)NC(C)c3ccc4c(c3)OCCO4)CC2)cc1
CHEMBL1087,CN1CCCCC1C(=O)NC2=C(C)C=CC=C2C
CHEMBL1577316,O=C(NC1=CC2=C([NH]N=C2)C=C1)C3CCC3
ZINC6700483,O=C(NC1=CC=C2NN=CC2=C1)C3CCC3
ZINC64033452,CC1=C(N=C(NC(=O)C2(CC2)C3=CC4=C(OC(F)(F)O4)C=C3)C=C1)C5=CC=CC(=C5)C(O)=O
CHEMBL2103870,CC1=C(N=C(NC(=O)C2(CC2)C3=CC4=C(OC(F)(F)O4)C=C3)C=C1)C5=CC=CC(=C5)C(O)=O
CHEMBL2398678,ClC1=CC=C(NC(=O)C2CCCN(C2)C(=O)C3=CC=CC(=C3)C4=CC=CO4)C=C1
ZINC43152787,O=C(CC1=CC=C(C=N1)C2=CC=C(OCCN3CCOCC3)C=C2)NCC4=CC=CC=C4
CHEMBL571546,O=C(CC1=CC=C(C=N1)C2=CC=C(OCCN3CCOCC3)C=C2)NCC4=CC=CC=C4
ZINC198362743,CN(C1CC[S+]([O-])(=O)CC1)C(=O)CNC(=O)\C=C\C2=CC(=CC=C2)Cl
CHEMBL351706,[O-][S+](=O)(N1CC2=CC(=CC=C2N(C[C@H]1CC3=CC=CC=C3)CC4=CN=C[NH]4)C#N)C5=CC=CS5
ZINC3925649,[O-][S+](=O)(N1CC2=CC(=CC=C2N(C[C@H]1CC3=CC=CC=C3)CC4=CN=C[NH]4)C#N)C5=CC=CS5
CHEMBL2110900,CN(C)[C@@H](CCOc2cccc1ccccc12)c3ccccc3
ZINC1482019,CN(C)[C@@H](CCOc2cccc1ccccc12)c3ccccc3
CHEMBL1697771,Clc1ccc(cc1)C(=O)NC(CC3=CC(=O)Nc2ccccc23)C(=O)O
ZINC52716421,FC(F)(F)C1=CC(=CC=C1)N2CCN(CC2)CCN3C(=O)NC4=CC=CC=C34
CHEMBL231068,FC(F)(F)C1=CC(=CC=C1)N2CCN(CC2)CCN3C(=O)NC4=CC=CC=C34
24384819,O=C(CCc1nnc2n(Cc3ccccc3Cl)c(=O)c3ccccc3n12)N1CCN(c2cccc(C(F)(F)F)c2)CC1
CHEMBL1450144,COC1=C(C=CC(=C1)SC)C(=O)N2CCC(CC2)CC3=CC=CC=C3
ZINC865051,COC1=C(C=CC(=C1)SC)C(=O)N2CCC(CC2)CC3=CC=CC=C3
ZINC57316928,COC1=CC=C(C=C1CN2CCN(CC2)C3=CC=CC=C3F)[C@@H]4N[C@@H](CC5=C4[NH]C6=C5C=CC=C6)C(O)=O
CHEMBL3827954,COC1=C(OC)C(=CC=C1)C(=O)N2CCN(CC2)C(=O)COC3=CC(=CC=C3)C
ZINC779542,COC1=C(OC)C(=CC=C1)C(=O)N2CCN(CC2)C(=O)COC3=CC(=CC=C3)C
CHEMBL2440869,COC1=CC=CC=C1OCCN2CC(COC3=CC=CC4=C3C5=C([NH]4)C=CC=C5)OCC2=O
CHEMBL1222067,COC1=CC=C(C=C1CN2CCN(CC2)C3=CC=CC=C3F)[C@@H]4N[C@@H](CC5=C4[NH]C6=C5C=CC=C6)C(O)=O
CHEMBL606201,[O-][N+](=O)C1=CC=C(OC(=O)N2CCN(CC2)CC3=CC=CC(=C3)OC4=CC=CC=C4)C=C1
4204459,O=C(N1CCN(Cc2ccc3OCOc3c2)CC1)c1cc(cc(c1)C(=O)N1CCN(Cc2ccc3OCOc3c2)CC1)C(=O)N1CCN(Cc2ccc3OCOc3c2)CC1
ZINC5776576,FC(F)(F)C1=CC(=CC=C1)CN2C(=O)CSC3=CC=CC=C23
CHEMBL1089501,COC(=O)N(CC(O)=O)CC1=CC(=CC=C1)OCC2=C(C)OC(=N2)C3=CC=C(Cl)C=C3
ZINC2149,CN(C)CCN(Cc1ccsc1)c2ccccn2
CHEMBL2107485,CN(C)CCN(Cc1ccsc1)c2ccccn2
CHEMBL1200586,Cl.O=C(Nc1ccccc1C)C(C)NCCC
CHEMBL1194,CCCNC(C)C(=O)NC1=C(C)C=CC=C1
Z3465495034,Cn1c(=O)nc(SCc2cc(Cl)cc3c2OCC3)[nH]c1=O
ZINC38653506,CC(C)C[C@H](NC(=O)[C@H](CC1=CC=CC=C1)NC(=O)OCC2=CC=CC=C2)C(=O)C=O
CHEMBL64925,CC(C)C[C@H](NC(=O)[C@H](CC(C)C)NC(=O)[C@H](CC(C)C)NC(=O)OCC1=CC=CC=C1)C=O
ZINC13476439,CC(C)C[C@H](NC(=O)[C@H](CC(C)C)NC(=O)[C@H](CC(C)C)NC(=O)OCC1=CC=CC=C1)C=O
CHEMBL210618,CCOC1=NC(=CC(=C1C#N)N)NC(=O)CC2=CC(=CC=C2OC)OC
ZINC14959960,CCOC1=NC(=CC(=C1C#N)N)NC(=O)CC2=CC(=CC=C2OC)OC
Z19863544,COc1ccc(cc1)-n1c(SCC(=O)NCc2ccc(OC)c(OC)c2)nnc1-c1ccccc1
ZINC226098299,[F]C1=CC=C(C=C1)C2=C([NH]C(=N2)C3=C([F])C=CC=C3[F])C4=CC=NC=C4
CHEMBL4303658,[F]C1=CC=C(C=C1)C2=C([NH]C(=N2)C3=C([F])C=CC=C3[F])C4=CC=NC=C4
ZINC226098311,[F]C1=CC=C(C=C1)C2=C([NH]C(=N2)C3=C([F])C=CC=C3)C4=CC=NC=C4
CHEMBL45245,O=C1NC2=C(C=CC=C2)C3=C1C=CC=C3
ZINC8580818,O=C1NC2=C(C=CC=C2)C3=C1C=CC=C3
ZINC3780965,CCCCCCN(CCCCCC)C(=O)CC1=C([NH]C2=C1C=CC=C2)C3=CC=C(F)C=C3
CHEMBL120735,CCN(CCNC(=O)NC1=CC=CC=C1Br)C2=CC=CC(=C2)C
ZINC1553653,CCN(CCNC(=O)NC1=CC=CC=C1Br)C2=CC=CC(=C2)C
Z17969564,COc1ccc(C)cc1NC(=O)C(Sc1nc2ccccc2c(=O)n1CCCO)c1ccccc1
ZINC43207268,COC1=C(C=C(NC(=O)N2CCC3=C2C=CC4=C3C=CC=C4)C=C1)N5CCN(C)CC5
CHEMBL1742457,CN1\C=C(\OCC(O)CNC(C)(C)C)C2=C(C=CC=C2)C1=O
CHEMBL216504,[O-][S](=O)(=O)C1=CC(=C2C(=CC=C(C2=C1)[S]([O-])(=O)=O)NC(=O)C3=CC=CC(=C3)NC(=O)NC4=CC=CC(=C4)C(=O)NC5=CC=C(C6=CC(=CC(=C56)[S]([O-])(=O)=O)[S]([O-])(=O)=O)[S]([O-])(=O)=O)[S]([O-])(=O)=O
ZINC27048,CCOC(=O)C1=C(C)[N](N=C1C)C2=CC(=CC=C2)[N+]([O-])=O
ZINC1753799,COC1=C(Cl)C=C(NC(=O)NC2=NOC(=C2)C)C(=C1)OC
CHEMBL257591,COC1=C(Cl)C=C(NC(=O)NC2=NOC(=C2)C)C(=C1)OC
CHEMBL1289494,COC1=C(OC)C=C2C(OC3=CC=C(NC(=O)NC4=NOC(C)=C4)C(Cl)=C3)=CC=NC2=C1
16016872,CCn1cc(C(=O)NCc2ccc3c(c2)OCO3)c(=O)c2cc(S(=O)(=O)N3CCCC3)ccc21
CHEMBL2103851,S=C(NCC1=CC2=C(OCO2)C=C1)N3CCN(CC3)C4=NC=NC5=C4OC6=C5C=CC=C6
ZINC169341491,COC1=CC2=NC3=C(C=C2C=C1)C(=N[N]3C)NC(=O)C4=CC=CO4
CHEMBL3183359,COC1=CC2=NC3=C(C=C2C=C1)C(=N[N]3C)NC(=O)C4=CC=CO4
ZINC100551182,CCCCCCN1C(=O)C(=C(/O)C2=CC=CC=C12)/C(=O)NC3=CC=C(C=C3)C(=O)OCCC
CHEMBL3947608,CCCCCCN1C(=O)C(=C(/O)C2=CC=CC=C12)/C(=O)NC3=CC=C(C=C3)C(=O)OCCC
CHEMBL2106245,O=C(CN1CCCCC1)Nc2ccc(cc2)C(=O)OCC
CHEMBL1908396,COC1=CC(=CC=C1NC(=O)NC(C)C2=NC=CS2)OC3=CC=NC4=CC(=C(OC)C=C34)OC
ZINC164392,O[C@@H](C(=O)O)c1ccccc1
CHEMBL292411,O[C@@H](C(=O)O)c1ccccc1
CHEMBL3358015,OC(CNCCC1=C[NH]C2=CC=CC=C12)C[N]3C4=CC=CC=C4C5=C3C=CC=C5
CHEMBL2095212,NC1=NC(=CS1)CC(=O)NC2=CC=C(CCNC[C@H](O)C3=CC=CC=C3)C=C2
ZINC100004227,CCCCC1C(=O)N(N(C1=O)C2=CC=CC=C2)C3=CC=CC=C3
ZINC100004242,CC(=O)CCC1C(=O)N(N(C1=O)C2=CC=CC=C2)C3=CC=CC=C3
CHEMBL2107720,CC(=O)CCC1C(=O)N(N(C1=O)C2=CC=CC=C2)C3=CC=CC=C3
ZINC18067894,CC(=O)C1=CC=C(C=C1)[S+]([O-])(=O)NC(=O)NC2CCCCC2
CHEMBL1589,CC(=O)C1=CC=C(C=C1)[S+]([O-])(=O)NC(=O)NC2CCCCC2
CHEMBL2104464,O=C(O)C(C)c2ccc(c1ccccc12)C3CCCCC3
CHEMBL1200461,Cl.COc1ccc(cc1C(O)CNC(=O)CN)OC
ZINC201766361,CCOC(=O)C1=C(C)N=C(NC(=O)[C@H](C(C)C)N2C(=O)NC3=CC=CC=C3C2=O)S1
Z225116250,O=C(Cc1csc(NC(=O)c2ccccc2)n1)NCc1ccc(CN2CCCCC2)cc1
ZINC595364,CCN(CC)C(=O)CC1=CSC(=N1)N[S+]([O-])(=O)C2=C(C)C(=CC=C2)Cl
ZINC1842639,CCCOC1=CC=C2N=C(NC(=O)OC)SC2=C1
CHEMBL1371412,CCCOC1=CC=C2N=C(NC(=O)OC)SC2=C1
ZINC22443609,C1CNCCNCCCN(CCNC1)CC2=CC=C(CN3CCCNCCNCCCNCC3)C=C2
CHEMBL18442,C1CNCCNCCCN(CCNC1)CC2=CC=C(CN3CCCNCCNCCCNCC3)C=C2
ZINC141742530,OC1=C(C2=CC=C(CN3CCOCC3)C=N2)C4=CC(=CC=C4[NH]1)C#N
CHEMBL396298,COC1=C2NC3=C(C=CC=C3C(=O)NC4=CC=C(CCN5CCC6=C(C5)C=C(OC)C(=C6)OC)C=C4)C(=O)C2=CC=C1
ZINC3915436,COC1=C2NC3=C(C=CC=C3C(=O)NC4=CC=C(CCN5CCC6=C(C5)C=C(OC)C(=C6)OC)C=C4)C(=O)C2=CC=C1
Z131220492,CCN(CC)S(=O)(=O)c1ccc(N2CCCCC2)c(NC(=O)Cn2nnc3ccccc3c2=O)c1
Z51731850,CCN(CC)S(=O)(=O)c1ccc(cc1)N1CC(CC1=O)C(=O)Nc1ccccc1N1CCCCC1
CHEMBL1498001,C[S+]([O-])(=O)N(CC(O)C[N]1C2=CC=CC=C2C3=CC=CC=C13)CC4=CC=CO4
Z26184191,CCCCn1c2ncn(Cc3ccco3)c2c(=O)n(CC(=O)Nc2cc(C)cc(C)c2)c1=O
ZINC9831459,ClC1=CC=C(CN2C(=O)C3=CC=CC=C3[N]4C(=NN=C24)CCC(=O)NCCC/5=C/CCCC5)C=C1
20620299,CCOCCCNC(=O)c1cn(Cc2ccccc2OC)cc(C(=O)NCCC2=CCCCC2)c1=O
ZINC34375693,CC1=CC(=C2C=CC=CC2=N1)NC(=O)NCCN3CCC(O)(CC3)CC4=CC=CC=C4
ZINC95616571,C[C@]12[C@@H]\3C[C@@H](\C=C3)[C@H]1C(=O)N(C2=O)C4=CC=C(C=C4)C(=O)NC5=CC=CC6=C5N=CC=C6
ZINC101773780,CN[S+]([O-])(=O)C1=C(NC2=C(Br)C=NC(=N2)NC3=C(OC)C=C(C=C3)N4CCN(C)CC4)C=CC=C1
ZINC103691283,COC1=C(NC2=NC(=C3N=C[NH]C3=N2)NC4=C(C=CC=C4)[S+]([O-])(=O)C(C)C)C=CC(=C1)N5CCC(O)CC5
CHEMBL225284,CSC1=C(C=CC=C1)N2CCN(CCCCCC(=O)NC3CCCC4=CC=CC=C34)CC2
CHEMBL1326499,CCC1=C(OC[C@@H](O)CN[C@H]2CCCC3=C2C=CC=C3)C=CC=C1
ZINC3812136,CCC1=C(OC[C@@H](O)CN[C@H]2CCCC3=C2C=CC=C3)C=CC=C1
ZINC1489430,COC1=C(OC)C=C2C(=CC=NC2=C1)OC3=CC=C(NC(=O)NC4=NOC(=C4)C)C(=C3)Cl
ZINC35804,NS(=O)(=O)c2cc(c(NCc1ccco1)cc2Cl)C(=O)O
CHEMBL35,NS(=O)(=O)c2cc(c(NCc1ccco1)cc2Cl)C(=O)O
ZINC207660265,O=C(NCC1=CC=CC=N1)NC2=NN=C(O2)C3=CC=CO3
CHEMBL4164286,O=C(NCC1=CC=CC=N1)NC2=NN=C(O2)C3=CC=CO3
Z115131586,Cc1noc(C)c1COc1ccc(CC(=O)Nc2c(oc3ccccc23)C(=O)N2CCOCC2)cc1
Z17105026,Cc1noc(C)c1COc1ccccc1C(=O)OCC(=O)Nc1c(C)nn(c1C)-c1ccc(C)cc1
CHEMBL567303,CC1=CC(=C2C=CC=CC2=N1)NC(=O)NCCN3CCC(O)(CC3)CC4=CC=CC=C4
CHEMBL259067,CCOC(=O)C(C)OC1=C2C=CN(CC(=O)NC3=CC=C4OCCOC4=C3)C(=O)C2=CC=C1
CHEMBL259067,CCOC(=O)C(C)OC1=CC=CC2=C1\C=C/N(CC(=O)NC3=CC=C4OCCOC4=C3)C2=O
ZINC43277624,COC(=O)C1=C(C=CS1)[S+]([O-])(=O)NC2=C(OC)C=C(NC3=CC=CC=C3)C=C2
CHEMBL592652,COC(=O)C1=C(C=CS1)[S+]([O-])(=O)NC2=C(OC)C=C(NC3=CC=CC=C3)C=C2
CHEMBL1200819,Cl.O=C(Nc1c(scc1C)C(=O)OC)C(C)NCCC
ZINC12370057,OC1=NN=C(SC2=NC=C(S2)[N+]([O-])=O)[N]1C3=CC4=C(OCCO4)C=C3
CHEMBL508280,OC1=NN=C(SC2=NC=C(S2)[N+]([O-])=O)[N]1C3=CC4=C(OCCO4)C=C3
ZINC3818778,COC1=CC=C(CNC(=O)NC2=NC=C(S2)[N+]([O-])=O)C=C1
ZINC6718813,CC1=CC=C(F)C(=C1)NC(=O)NC2=CC=C(C=C2)C3=C4C(=N[NH]C4=CC=C3)N
CHEMBL223360,CC1=CC=C(F)C(=C1)NC(=O)NC2=CC=C(C=C2)C3=C4C(=N[NH]C4=CC=C3)N
ZINC39187976,CC(C)(C)N[S+]([O-])(=O)C1=CC=C(C=C1)C2=CC=C3[NH]N=C(N)C3=C2
30536096,COc1ccc(Oc2c(CN(Cc3ccco3)C(=O)c3ccc(OC)cc3)c(C)nn2-c2ccccc2)cc1
ZINC1587,CC1=CC(=NO1)C(=O)NNCC2=CC=CC=C2
CHEMBL1201168,CC1=CC(=NO1)C(=O)NNCC2=CC=CC=C2
CHEMBL1034,[Na+].Clc2cccc(Cl)c2Nc1ccccc1CC([O-])=O
43679490,CC(C)CCCC(C)n1c(SCC(=O)Nc2ccc(cc2)C(N)=O)nnc1-c1cccc(c1)S(=O)(=O)Nc1ccccc1Cl
ZINC66251730,CC1=C(Cl)C=C(NC2=NN=C(O2)C3=CC=C(C=C3)[N+]([O-])=O)C=C1
CHEMBL1630452,CC1=C(Cl)C=C(NC2=NN=C(O2)C3=CC=C(C=C3)[N+]([O-])=O)C=C1
43952965,CCN(CC)c1ccc(-c2nnc(SCC(=O)NC3CC[NH+](Cc4ccccc4)CC3)o2)cc1
CHEMBL9514,COC(=O)NC1=NC2=C([NH]1)C=CC(=C2)C(=O)C3=CC=CS3
ZINC56509,COC(=O)NC1=NC2=C([NH]1)C=CC(=C2)C(=O)C3=CC=CS3
CHEMBL956,O=C(c1ccc(cc1)C(C)C(=O)O)c2cccs2
ZINC34046932,FC(F)(F)C1=CC=CC(=C1)NC(=O)NC2=C(C=C(Br)C=C2)C3=NN=N[NH]3
25545621,CCCN(CC(=O)N(Cc1ccccc1)C1CCN(C(=O)c2cccs2)CC1)S(=O)(=O)c1ccccc1
ZINC13986811,NC1=C(NC(=O)C2=CC=C(CNC3=NC(=CC=N3)C4=CC=CN=C4)C=C2)C=CC=C1
ZINC87608303,N#CC1=CC=C2N=CN=C(NCCC3=CC=CC=C3)C2=C1
CHEMBL4226806,N#CC1=CC=C2N=CN=C(NCCC3=CC=CC=C3)C2=C1
CHEMBL47529,CC1=C(CC#N)[N]2C=CC=C(OCC3=CC=CC=C3)C2=N1
24346622,CCOC(=O)c1ccc(NC(=O)CC2C(=O)N(c3ccc(C(=O)OCC)cc3)C(=S)N2CCC[NH+]2CC[NH+](CC)CC2)cc1
ZINC137087,C1CN(CCO1)C2=NC(=CS2)C3=CC=CC=C3
CHEMBL1623389,C1CN(CCO1)C2=NC(=CS2)C3=CC=CC=C3
ZINC4107278,O=C(NC1=NN=C(O1)C2=CC=CO2)C3=CC(=NC4=CC=CC=C34)C5=CC=CC=C5
CHEMBL388590,Brc1cc(cc(Br)c1O)C(=O)c2c3ccccc3oc2CC
ZINC608205,Brc1cc(cc(Br)c1O)C(=O)c2c3ccccc3oc2CC
ZINC72190123,C[C@H](NCC1=CC=C(OCC2=C(F)C=CC=C2)C=C1)C(N)=O
ZINC44460341,COC(=O)N(CC(O)=O)CC1=CC(=CC=C1)OCC2=C(C)OC(=N2)C3=CC=C(Cl)C=C3
ZINC4594,CC(C)(OCC1=N[N](CC2=CC=CC=C2)C3=C1C=CC=C3)C(O)=O
CHEMBL2107549,CC(C)(OCC1=N[N](CC2=CC=CC=C2)C3=C1C=CC=C3)C(O)=O
ZINC6856,ClC1=CC=C(C=C1)N2CC(=N/C2=O)\N3CCOCC3
CHEMBL2179983,CCOC(=O)C1=CC=CC(=C1)CNC2=CC=C(C=C2)N(C)C(=O)NC3=CC=CC=C3
Z16927049,COc1ccc(CCC(=O)Nc2ccccc2C(=O)OCC(=O)Nc2cccc3nsnc23)cc1
CHEMBL188166,CC(=O)N[C@H](CC1=C[NH]C2=C1C=CC=C2)C(=O)OCC3=CC(=CC(=C3)C(F)(F)F)C(F)(F)F
ZINC598586,CC(=O)N[C@@H](CC1=C[NH]C2=C1C=CC=C2)C(=O)OCC3=CC(=CC(=C3)C(F)(F)F)C(F)(F)F
CHEMBL1949980,CC(C)C1=CC=C(NC(=O)C(N(C)C(=O)CC2=C[NH]C3=C2C=CC=C3)C4=CC=CC=C4)C=C1
ZINC901254,CC1=CC=C(C=C1)[S+]([O-])(=O)N[C@@H](CC2=CC=CC=C2)C(=O)CCl
CHEMBL60718,CC1=CC=C(C=C1)[S+]([O-])(=O)N[C@@H](CC2=CC=CC=C2)C(=O)CCl
CHEMBL458997,CNC(=O)C1=CC=CC=C1NC2=NC(=NC=C2Cl)NC3=CC=C(C=C3OC)N4CCOCC4
Z95983581,COc1ccc(cc1OC)-c1nn(Cc2ccccc2)cc1C(=O)Nc1cccc(c1)N1CCCC1=O
ZINC11677837,COC1=CC=C(C=C1)[N]2N=C(C(N)=O)C3=C2C(=O)N(CC3)C4=CC=C(C=C4)N5CCCCC5=O
CHEMBL231779,COC1=CC=C(C=C1)[N]2N=C(C(N)=O)C3=C2C(=O)N(CC3)C4=CC=C(C=C4)N5CCCCC5=O
CHEMBL296335,COC1=CC=C(C=C1)N2\N=C3/C(=C\NC4=C3C=CC=C4)C2=O
ZINC101168346,COC1=CC=C(C=C1)N2\N=C3/C(=C\NC4=C3C=CC=C4)C2=O
ZINC83315,N[C@@H](CC1=C[NH]C2=C1C=CC=C2)C(O)=O
CHEMBL54976,N[C@@H](CC1=C[NH]C2=C1C=CC=C2)C(O)=O
Z920743926,O=C(CS(=O)(=O)Nc1ccc(cc1)N1CCCCC1)NCc1ccc(CN2CCCCCC2)cc1
Z112980682,CC(Sc1nnc(CN2CCCCC2)n1-c1ccccc1)C(=O)N1CCN(CC1)c1ccccc1
CHEMBL1800955,COC(=O)N1CCN(CC1)CC2=CC=CC(=C2F)NC(=O)NC3=CN=C(C)C=C3
CHEMBL894,CC(NC(C)(C)C)C(=O)C1=CC=CC(=C1)Cl
ZINC72317473,COC1=C(C=NC=C1)C(=O)NC(=O)NC2=CC=C(C3=CC=CC=C3)C(=C2)C(F)(F)F
ZINC95930187,CC1=NC=CC(=C1)C2=NC=C(CC(=O)NC3=NC=C(C=C3)C4=NC=CN=C4)C=C2C
CHEMBL3188386,CC1=NC=CC(=C1)C2=NC=C(CC(=O)NC3=NC=C(C=C3)C4=NC=CN=C4)C=C2C
Z1497248312,CCOC(=O)c1cn[nH]c1S(=O)(=O)NCCNc1ncc(Cl)cc1Cl
ZINC57494,O=S(=O)(Nc1nc(C)cc(C)n1)c2ccc(N)cc2
CHEMBL446,O=S(=O)(Nc1nc(C)cc(C)n1)c2ccc(N)cc2
CHEMBL2052019,CCN(C1=CC=CC=C1)C2=CC(=[N+](C)C(=N2)C)NC
ZINC57412,Cc1cc(nc(n1)n2nc(C)cc2OC)OC
CHEMBL1411693,Cc1cc(nc(n1)n2nc(C)cc2OC)OC
ZINC42475,COC1=CC=C(C=C1)C=C(C#N)C#N
CHEMBL1256817,Cl.Clc1ccc(cc1)Cn3c4ccccc4nc3CN2CCCC2
CHEMBL1407943,ClC1=CC=C(C[N]2C(=NC3=C2C=CC=C3)CN4CCCC4)C=C1
ZINC57260,ClC1=CC=C(C[N]2C(=NC3=C2C=CC=C3)CN4CCCC4)C=C1
CHEMBL34234,CCO[P](=O)(CC1=CC=C(C=C1)C(=O)NC2=C(C=C(Br)C=C2)C#N)OCC
ZINC1552570,CCO[P](=O)(CC1=CC=C(C=C1)C(=O)NC2=C(C=C(Br)C=C2)C#N)OCC
ZINC37868487,CC(/O)=C(C#N)/C(=O)NC1=C(Br)C=CC(=C1)Br
ZINC34042470,COC1=CC=C(C=C1)C/2=C/C3=C(C(=O)N2C)C(=NO3)C4=CC=NC=C4
CHEMBL593489,COC1=CC=C(C=C1)C/2=C/C3=C(C(=O)N2C)C(=NO3)C4=CC=NC=C4
ZINC68107504,COC1=CC=C(C=C1)C2=C([N](CC3=CC=C(C=C3)C(N)=O)C(=N2)C4=CC(=CC(=C4)C(F)(F)F)C(F)(F)F)C5=CC=C(OC)C=C5
CHEMBL408867,COC1=C(OC)C=C(CCN2CCN(CCCC3=CC=CC=C3)CC2)C=C1
CHEMBL389433,ClC1=CC=CC(=C1)C([N]2C=CN=C2)C3=CC=C4N=C[NH]C4=C3
CHEMBL311228,CC(C)[N]1C=NC2=C1N=C(NCCO)N=C2NC3=CC=CC(=C3)Cl
ZINC2391782,CC(C)[N]1C=NC2=C1N=C(NCCO)N=C2NC3=CC=CC(=C3)Cl
Z3547622507,C[C@@H]1CCC[C@H](C2OCCO2)N1S(=O)(=O)c1ccc(C#N)nc1
49911202,N#Cc1ccc(cn1)N1CCCOCC1
ZINC169748244,OB1OCC2=CC(=CC=C12)OC3=CC=C(C=C3)C#N
CHEMBL1078685,[N]#[C]C1=NC=CC(=C1)C2=N[NH]C(=N2)C3=CC=NC=C3
ZINC13536586,[N]#[C]C1=NC=CC(=C1)C2=N[NH]C(=N2)C3=CC=NC=C3
ZINC2577904,ClC1=C2C=CC3=CC=CC=C3C2=CC=N1
CHEMBL488803,ClC1=CC(=C(OC2=CC=C(OC3=C(Cl)C=C(Cl)C=N3)C=C2)N=C1)Cl
ZINC1751810,ClC1=CC(=C(OC2=CC=C(OC3=C(Cl)C=C(Cl)C=N3)C=C2)N=C1)Cl
CHEMBL2164544,[F]C1=CC(=CC(=C1)C2=NC(=NO2)C3=NC=CC=C3)[C]#[N]
ZINC95554357,[F]C1=CC(=CC(=C1)C2=NC(=NO2)C3=NC=CC=C3)[C]#[N]
CHEMBL4303606,CC(C)(O)C1=C(F)C2=NC=C([N]2C=C1)C3=CC=C(F)C(=C3)C4=CC=C(F)C=C4C#N
CHEMBL4303622,NC1=NC(=C(SC#N)C=C1SC#N)N
ZINC100765996,BrC1=CC2=C(C=C1)\N=C(/CC(=O)N2)C3=CC=NC(=C3)C#N
CHEMBL108425,BrC1=CC=C(CN([N]2C=NN=C2)C3=CC=C(C=C3)C#N)C=C1
ZINC598425,BrC1=CC=C(CN([N]2C=NN=C2)C3=CC=C(C=C3)C#N)C=C1
CHEMBL372303,CN(C)CC(=O)NC1=CC2=C(NC(=O)C3=CC=CC=C23)C=C1
Z2094922462,Cc1noc(n1)C1CCCCN1C(=O)CCN1C(=O)C2C3CCC(O3)C2C1=O
Z131742602,COc1ccc(cc1)C1CCCCCN1C(=O)C1CCN(CC1)S(=O)(=O)c1ccc2CCCc2c1
CHEMBL132752,CC(O)(C(CC1=CC=C(Cl)C=C1)[N]2C=NC=N2)C3=CC=CC=C3
ZINC43208642,CC(C)(C(=O)NCC(F)(F)C(F)(F)F)C(=O)N[C@@H]1C(=O)NC2=CC=CC=C2C3=C1C=CC=C3
CHEMBL4297422,CC(C)(C(=O)NCC(F)(F)C(F)(F)F)C(=O)N[C@@H]1C(=O)NC2=CC=CC=C2C3=C1C=CC=C3
CHEMBL2138161,CC(C)(C(=O)NCC(F)(F)C(F)(F)F)C(=O)NC1C(=O)NC2=CC=CC=C2C3=CC=CC=C13
Z126226226,COc1ccc(Cn2nnnc2SCC(=O)Nc2ccccc2C(=O)NC2CCCC2)cc1
ZINC1538900,COC1=CC(=CC=C1)[C@@H](C)NCCCC2=CC=CC=C2Cl
CHEMBL292376,COC1=CC(=CC=C1)[C@@H](C)NCCCC2=CC=CC=C2Cl
CHEMBL1256478,Cl.OC(CNC(C)(C)C)c1ccccc1Cl
ZINC388241,COc1cc(cc(OC)c1)OC
CHEMBL353581,ONC(=O)CCCCCCC(=O)NC1=CC=CN=C1
CHEMBL319144,O=P(O)(O)C(O)(Cc1cnc2ccccn12)P(=O)(O)O
ZINC3803518,O=P(O)(O)C(O)(Cc1cnc2ccccn12)P(=O)(O)O
ZINC1482010,O=S(N)(=O)c1cc(ccc1Cl)S(N)(=O)=O
CHEMBL1865258,O=S(N)(=O)c1cc(ccc1Cl)S(N)(=O)=O
CHEMBL282093,NS(=O)(=O)C1=CC=C(C=C1)N2N=C(C=C2C3=CC=C(Cl)C=C3)C(F)(F)F
ZINC43195792,OC(=O)C1=CC2=C(C=C1)C3=C(N=CN=C3)C(=N2)NC4=CC=CC(=C4)C#C
CHEMBL1682283,OC(=O)C1=CC2=C(C=C1)C3=C(N=CN=C3)C(=N2)NC4=CC=CC(=C4)C#C
ZINC33295958,ClC1=CC\2=C(NC(=O)\C(=C2N[C@@H]3CN4CCC3CC4)C5=NC6=C([NH]5)C=CC=C6)C=C1
CHEMBL2059865,CC1=CC=C(C=C1NC(=O)C2=CC=C(OCC3=CC=CC=N3)C=C2)C4=NC=C[NH]4
ZINC59223284,CC1=CC=C(C=C1NC(=O)C2=CC=C(OCC3=CC=CC=N3)C=C2)C4=NC=C[NH]4
24425568,CCC(Sc1nc2ccccc2c(=O)n1CCn1c(SC(CC)C(=O)Nc2ccc(Cl)cc2)nc2ccccc2c1=O)C(=O)Nc1ccc(Cl)cc1
ZINC3956919,CC(C)(OC1=CC=C(CCNC(=O)C2=CC=C(Cl)C=C2)C=C1)C(O)=O
CHEMBL264374,O=C(NCCc1ccc(OC(C)(C)C(=O)O)cc1)c2ccc(Cl)cc2
ZINC3956919,O=C(NCCc1ccc(OC(C)(C)C(=O)O)cc1)c2ccc(Cl)cc2
CHEMBL1531134,Fc1ccc(cc1)C(=O)CCCN2CCC(C)CC2
ZINC1672,Fc1ccc(cc1)C(=O)CCCN2CCC(C)CC2
ZINC000020533477,Cn1c2nc(CN3CCN(CC3)C(=O)c3ccco3)n(CCCc3ccccc3)c2c(=O)n(C)c1=O
ZINC95616601,COC1=CC2=NC(=NC(=C2C=C1OC)N)N3CCN(CC3)C(=O)C4=CC=CO4
11765783,COc1ccccc1NC(=O)CN(Cc1ccco1)C(=O)c1cccc(S(=O)(=O)N2CCCC2)c1
7032105,CCc1cccc(NC(=O)N(CC(=O)N(Cc2ccc3c(c2)OCO3)Cc2cccs2)CC2CCCO2)c1
CHEMBL1200709,CCN(C(=O)\C=C\C)C1=CC=CC=C1C
CHEMBL3183440,CCN(C(=O)C=CC)c1ccccc1C
ZINC8960,CN(C)CC(=O)NC1=CC2=C(NC(=O)C3=CC=CC=C23)C=C1
CHEMBL2104807,O=C(OC)C3=CNc2cc(OCc1ccccc1)c(CCCC)cc2C3=O
CHEMBL1624037,CCOC(=O)N1CCC(CC1)NCCNC(=O)C2=C(C)C=CC=C2
ZINC64696513,CCOC(=O)N1CCC(CC1)NCCNC(=O)C2=C(C)C=CC=C2
ZINC68245534,CCOC(=O)N1CCC(CC1)N2CCC[C@H](C2)NC(=O)C3=C(C)C=CC=C3
ZINC247654071,O=C(N[C@@H]1CC[C@H](CC1)CCN2CCC3=C(C2)C=CC(=C3)C#N)C4=C5C=CC=CC5=NC=C4
Z71440505,COc1cccc(c1)-c1nn(Cc2ccccc2)cc1C(=O)NCCCN1CCCC1=O
ZINC44559762,OC(=O)C1=C(NC(=O)N2CCC(CC2)C3=C(C=CC=C3)C(F)(F)F)C=CC=C1
CHEMBL1230001,OC(=O)C1=C(NC(=O)N2CCC(CC2)C3=C(C=CC=C3)C(F)(F)F)C=CC=C1
ZINC43208643,CN[C@@H](C)C(=O)N[C@H]1CN(CC[C@H]2CC[C@H](N2C1=O)C(=O)NC(C3=CC=CC=C3)C4=CC=CC=C4)C(=O)CC(C)C
ZINC27647189,O=C(NC1=CC=CC=C1)N2CCC(CC2)CC3=CC4=CC=CC=C4N=C3
CHEMBL305187,OC(C(C)N1CCC(CC1)Cc2ccccc2)c3ccc(O)cc3
ZINC147144800,OC(=O)C1=CC=C(CN2CCC(CC2)CN[C@@H]3C[C@H]3C4=CC=CC=C4)C=C1
CHEMBL3786182,OC(=O)C1=CC=C(CN2CCC(CC2)CN[C@@H]3C[C@H]3C4=CC=CC=C4)C=C1
ZINC3820131,CC(C)CN1CCC(CC1)CNC(=O)C2=CC(=C(N)[N]3C=C(C)N=C23)Cl
ZINC19606670,ClC1=CC=C(C=C1)C(=O)NCCN2CCOCC2
26174112,[H]/C(C1=CN(C2=CC=CC=C2)N=C1C1=CC2=CC=CC=C2OC1=O)=C1/N=C(C2=CC=C(OC)C=C2)OC1=O
30537814,CCOC(=O)C1CCN(C(=O)CCN(CC(C)C)C(=O)c2cc(-c3cccc(OC)c3)on2)CC1
CHEMBL93403,COC1=CC=CC(=C1)C(=O)NCCN2CCN(CC2)C3=CC=C(Cl)C=C3
ZINC14982453,COC1=CC(=CC(=C1)NC(=O)C2=CC=C(O2)C3=CC=C(Cl)C=C3)OC
CHEMBL250699,COC1=CC(=CC(=C1)NC(=O)C2=CC=C(O2)C3=CC=C(Cl)C=C3)OC
CHEMBL24983,Cl\C1=C(/Cl)C2=C(C=CC=C2)C(=O)O1
ZINC388510,Cl\C1=C(/Cl)C2=C(C=CC=C2)C(=O)O1
CHEMBL268868,O=C1NC(=O)C2=C1C=C(NC3=CC=CC=C3)C(=C2)NC4=CC=CC=C4
ZINC95911067,CN1CCN(CC1)C(=O)C2=C(Cl)C=C(NC3=NC(=CC=N3)C4=CC=CS4)C=C2
17179139,Cc1noc(C)c1S(=O)(=O)N1CCN(CC1)C(=O)CCn1nc(oc1=O)-c1cccs1
Z66779038,CN(C)S(=O)(=O)c1ccc(N2CCCCC2)c(c1)C(=O)OCc1coc(n1)-c1cccs1
ZINC2540738,CCCCC1=C([NH]C2=NC=CN=C12)C3=CC=C(OC)C=C3
CHEMBL306498,CCCCC1=C([NH]C2=NC=CN=C12)C3=CC=C(OC)C=C3
CHEMBL1672354,O[C@@](CC1=NC(=C[NH]1)CC2(CC2)C(F)(F)F)(C3=CC=C(C=C3)[N]4C=CC=N4)C(F)(F)F
CHEMBL1451277,CS(=O)(=O)O.CNCCc1ccccn1
ZINC95705076,CCCCC[N]1C=C(C(=O)OC2=C3N=CC=CC3=CC=C2)C4=C1C=CC=C4
CHEMBL53366,CC1=NC=C[N]1CCC(C(N)=O)(C2=CC=CC=C2)C3=CC=CC=C3
CHEMBL164747,OC1=CC=C(C[N]2C=CN=C2S)C=C1
ZINC2568051,OC1=CC=C(C[N]2C=CN=C2S)C=C1
CHEMBL24510,CCCCC1=CC=C(N=C1)C(O)=O
CHEMBL542541,Cl.NNc2nncc1ccccc12
CHEMBL276832,NNC1=C2C=CC=CC2=CN=N1
ZINC4426660,O=C(CC1=CC=CC=C1)NC2=NN=C(CCSCCC3=NN=C(NC(=O)CC4=CC=CC=C4)S3)S2
CHEMBL2042272,COC(=O)[C@@H](N1CCC\2SC(=O)\C=C2C1)C3=C(Cl)C=CC=C3
ZINC34781704,COC(=O)[C@@H](N1CCC2=C(C1)C=CS2)C3=C(Cl)C=CC=C3
CHEMBL2103822,CCC(=O)NC[C@@H]1C[C@H]1C2=C3CCOC3=CC=C2
ZINC4392649,CCC(=O)NC[C@@H]1C[C@H]1C2=C3CCOC3=CC=C2
CHEMBL1947204,FC1=CC(=CC=C1)COC2=CC=C(NC3=C4C=C(NC(=O)C=C)C=CC4=NC=N3)C=C2Cl
ZINC52509434,FC1=CC(=CC=C1)COC2=CC=C(NC3=C4C=C(NC(=O)C=C)C=CC4=NC=N3)C=C2Cl
ZINC4148260,CC1=CC(Cl)=CC=C1OCCCC(=O)NO
CHEMBL1526649,CC1=CC(=CC=C1OCCCC(=O)NO)Cl
ZINC4148260,CC1=CC(=CC=C1OCCCC(=O)NO)Cl
ZINC9227024,CNC(=O)C1=CC2=C([NH]C3=C2C=CC=C3)C=N1
Z166947358,COc1ccc(CCN(C(=O)c2ccoc2)c2c(N)n(Cc3ccccc3)c(=O)[nH]c2=O)cc1OC
CHEMBL7318,COC1=CC=C2[NH]C(=C(CCN(C)C)C2=C1)C3=CC=CC=C3
ZINC13805807,COC1=CC=C2[NH]C(=C(CCN(C)C)C2=C1)C3=CC=CC=C3
CHEMBL2092942,C[C@@H](NCC1=CC2=C([NH]1)C=CC=C2)C3=C4C=CC=CC4=CC=C3
ZINC1494434,C[C@@H](NCC1=CC2=C([NH]1)C=CC=C2)C3=C4C=CC=CC4=CC=C3
CHEMBL1801356,C[C@@H](NCC1=CC2=C([NH]1)C=CC=C2)C3=C4C=CC=CC4=CC=C3
ZINC1544569,CON(C)C(=O)[C@H](O)[C@H](CC1=CC=CC=C1)NC(=O)C2=CC3=CC(=CC=C3[NH]2)Cl
CHEMBL4170596,CC1=CC=C(NC(=O)NCC2=CC3=C(C=C2)C(=O)N(C3)C4CCC(=O)NC4=O)C=C1Cl
CHEMBL4303573,ClC1=CC=C(OCC(=O)NC2CCC(CC2)NC(=O)COC3=CC=C(Cl)C=C3)C=C1
ZINC671772,ClC1=CC=C(OCC(=O)NC2CCC(CC2)NC(=O)COC3=CC=C(Cl)C=C3)C=C1
ZINC100081898,ClC1=CC=C(OCC(=O)NC2CCC(CC2)NC(=O)COC3=CC=C(Cl)C=C3)C=C1
CHEMBL3986239,CC(C)(C)C[C@H]1N[C@H]([C@H](C2=CC=CC(=C2F)Cl)[C@@]13C(=O)NC4=C3C=CC(=C4)Cl)C(=O)N[C@H]5CC[C@H](O)CC5
48947857,CCN(C(=O)COC(=O)c1ccccc1OCc1cccc(C)c1)c1c(N)n(Cc2ccccc2)c(=O)[nH]c1=O
CHEMBL258721,CC(C)C1=N[N](C\2=C1C(=O)N\C(=N2)CC3=CC=C(OCCO)C=C3)C4=C(Cl)C=CC=C4Cl
ZINC29056064,CC(C)C1=N[N](C\2=C1C(=O)N\C(=N2)CC3=CC=C(OCCO)C=C3)C4=C(Cl)C=CC=C4Cl
CHEMBL2106603,O=C4c1ccccc1C(Nc3ccc(OCCN2CCCCC2)cc3)N4CC
CHEMBL1483877,CCOc1ccccc1C(N)=O
ZINC1384,CCOc1ccccc1C(N)=O
ZINC14806912,CC(=O)O/N=C/1C(=O)N(CC2=CC(=CC=C2Cl)Cl)C3=CC=C(Cl)C=C13
CHEMBL90983,COC1=C(OC)C=C(C[C@H](C)[C@H](C)CC2=CC(=C(OC)C=C2)OC)C=C1
ZINC16953163,COC1=C(OC)C=C(C[C@H](C)[C@H](C)CC2=CC(=C(OC)C=C2)OC)C=C1
CHEMBL1329438,COC1=C(OC)C=C(CCN(C)CCC2=CC(=C(OC)C=C2)OC)C=C1
CHEMBL345686,CC1=CC(=CC=C1)NC(=O)NC2\N=C(\C3=CC=CC=C3)C4=CC=CC=C4N(CC(=O)C5=C(C)C=CC=C5)C2=O
CHEMBL334830,FC1=CC(=CC=C1CN2C(=O)C3=CC=C[N]3[C@@]4(CC(=O)NC4=O)C2=O)Br
ZINC598422,FC1=CC(=CC=C1CN2C(=O)C3=CC=C[N]3[C@@]4(CC(=O)NC4=O)C2=O)Br
ZINC38698888,O=C1NC2=C(C=C(C=C2)C#N)/C1=C/3N\C=C(CN4CCOCC4)/C=C3
CHEMBL3402762,CN1CCC(CC1)COC2=CN=C(N=C2)C3=CC(=CC=C3)CN4/N=C(\C=C/C4=O)C5=CC(=CC=C5)C#N
ZINC3872521,CCOC1=CC\2=C(NC(C)(C)\C=C2C)C=C1
CHEMBL172064,CCOC1=CC\2=C(NC(C)(C)\C=C2C)C=C1
CHEMBL1276127,O=C1NC2=C(C=CC=C2)/C1=C3/NC4=C(C=CC=C4)C3=O
ZINC490,COC(=O)C1=C(O)C=CC=C1
CHEMBL108545,COC(=O)C1=C(O)C=CC=C1
CHEMBL507122,BrC1=CC2=C(OC\C3=N\OC(=O)N23)C=C1
ZINC7253,BrC1=CC2=C(OC\C3=N\OC(=O)N23)C=C1
ZINC1571580,O[C@@H]1CCCN[C@H]1CC(=O)CN2\C=N/C3=C(C=CC=C3)C2=O
CHEMBL479432,O[C@@H]1CCCN[C@H]1CC(=O)CN2\C=N/C3=C(C=CC=C3)C2=O
Z4448567384,O=C(Cn1cnc2ccccc2c1=O)N1CCCCC1CC[C@H]1CCCN1
ZINC1051386,CCOC1=C(C=C(Cl)C(C)=C1)S(=O)(=O)N2C=NC3=C2C=CC=C3
CHEMBL1445153,CCOC1=C(C=C(Cl)C(C)=C1)S(=O)(=O)N2C=NC3=C2C=CC=C3
CHEMBL2070615,CCNC(=O)NC1=NC=C(S1)C2=NC(=NC(=C2)C3=C(C)C=C(OC)C=C3C)C4=CN=CC=N4
ZINC13986658,CC[C@H](NC1=C2N=C[NH]C2=NC=N1)C/3=N/C4=C(C(=CC=C4)F)C(=O)N3C5=CC=CC=C5
CHEMBL2216870,CC[C@H](NC1=C2N=C[NH]C2=NC=N1)C/3=N/C4=C(C(=CC=C4)F)C(=O)N3C5=CC=CC=C5
CHEMBL4303596,C[C@H](NC1=C2N=C[NH]C2=NC=N1)C3=CC4=CC=C(F)C=C4N=C3C5=NC=CC=C5
ZINC88346058,C[C@H](NC1=C2N=C[NH]C2=NC=N1)C/3=C/C4=C(C(=CC=C4)Cl)C(=O)N3C5=CC=CC=C5
CHEMBL3039502,C[C@H](NC1=C2N=C[NH]C2=NC=N1)C/3=C/C4=C(C(=CC=C4)Cl)C(=O)N3C5=CC=CC=C5
ZINC5425464,NC1=NC(=C2N=C[NH]C2=N1)OCC3=CC=CC=C3
CHEMBL1017,CCCC1=NC2=C(C=C(C=C2C)C3=NC4=CC=CC=C4[N]3C)[N]1CC5=CC=C(C=C5)C6=CC=CC=C6C(O)=O
CHEMBL1017,O=C(O)c1ccccc1c2ccc(cc2)Cn3c4cc(cc(C)c4nc3CCC)c6nc5ccccc5n6C
ZINC1530886,O=C(O)c1ccccc1c2ccc(cc2)Cn3c4cc(cc(C)c4nc3CCC)c6nc5ccccc5n6C
CHEMBL1256141,CNC(=O)C1=CC2=C([NH]C3=C2C=CC=C3)C=N1
CHEMBL429711,CNC(=O)C1=CC2=C([NH]C3=C2C=CC=C3)C=N1
ZINC14960644,COC1=CC(=CC=C1)C2=CC=C(NC(=O)/C3=C(/CCC3)C(O)=O)C(=C2)F
CHEMBL197194,COC1=CC(=CC=C1)C2=CC=C(NC(=O)/C3=C(/CCC3)C(O)=O)C(=C2)F
CHEMBL2106179,O=C([C@H]1CCC(=O)N1)N2CCCCC2
CHEMBL1190711,COC1=CC=C(C=C1OC)C2=CC3=NC=C[N]3C(=N2)NC4=NC=CC=C4C(N)=O
ZINC3817793,COC1=CC=C(C=C1OC)C2=CC3=NC=C[N]3C(=N2)NC4=NC=CC=C4C(N)=O
CHEMBL1242100,COC1=CC=C(C=C1OC)C2=CC3=NC=C[N]3C(=N2)NC4=NC=CC=C4C(N)=O
ZINC19632834,CN1CCN(CC1)C(=O)O[C@H]4c2nccnc2C(=O)N4c3ccc(Cl)cn3
CHEMBL1522,CN1CCN(CC1)C(=O)O[C@H]4c2nccnc2C(=O)N4c3ccc(Cl)cn3
CHEMBL572878,CN1CCN(CC1)C2=CC(=NC(=N2)SC3=CC=C(NC(=O)C4CC4)C=C3)NC5=CC(=N[NH]5)C
11817140,Cc1noc(C)c1S(=O)(=O)N1CCN(CC1)C(=O)CCCn1cnc2n(C)c(=O)n(C)c(=O)c12
Z117925476,Cc1noc(C)c1S(=O)(=O)N1CCC(CC1)C(=O)NC(CN1CCOCC1)c1ccc(C)cc1
CHEMBL246078,[O-][S+](=O)(N1CCOC2=C(C=CC=C12)N3CCNCC3)C4=C(F)C=CC=C4
ZINC28948453,[O-][S+](=O)(N1CCOC2=C(C=CC=C12)N3CCNCC3)C4=C(F)C=CC=C4
CHEMBL3916717,CC(C)[N]1C=NN=C1C2=CC=CC(=N2)NC(=O)C3=CC(=C(C)C=C3F)[N]4C=NC(=C4)C5CC5
Z52058350,CN(C)S(=O)(=O)c1ccc(N2CCCC2)c(c1)C(=O)Nc1cccc(c1)-c1csc(C)n1
43713729,CCCCn1c(SCC(=O)NNC(=O)c2ccccc2)nc2cc(S(=O)(=O)N(C)C)ccc21
ZINC538194,CC/1=C(CCN2CCC(CC2)C(=O)C3=CC=C(F)C=C3)/C(=O)N4\C=C/C=C\C4=N1
Z4911889571,Cc1nc(CCNC(=O)CC2(C)CCS(=O)(=O)N2)n[nH]1
ZINC3976476,CCC(CC)CC1(CCCCC1)C(=O)NC2=C(SC(=O)C(C)C)C=CC=C2
CHEMBL313006,CCC(CC)CC1(CCCCC1)C(=O)NC2=C(SC(=O)C(C)C)C=CC=C2
Z92056976,Cc1cc(no1)-n1c(C)cc(C(=O)CSc2nnc(o2)C2COc3ccccc3O2)c1C
CHEMBL347695,CC[N]1C=CN=C1CC2COC3=C(O2)C=CC=C3
Z4912263843,CCCN(CC1COc2ccccc2O1)S(=O)(=O)c1cc(C)co1
1731220,CCOc1ccc(N(CC(=O)Nc2c(CC)cccc2CC)S(=O)(=O)c2ccc(OC)c(OC)c2)cc1
Z96583628,COc1ccc(cc1NC(=O)Cn1nnc(n1)-c1ccccc1C)S(=O)(=O)N1CCCCCC1
CHEMBL1410015,CC1=CC(=C(C)[N]1C2=CC=C(F)C=C2)C(=O)CN3CCCC3
ZINC38235,CC1=CC(=C(C)[N]1C2=CC=C(F)C=C2)C(=O)CN3CCCC3
ZINC3821234,FC1=CC=C(CC/2=N/NC(=O)C3=C2C=CC=C3)C=C1C(=O)N4CCCNCC4
Z19221988,CN(CC(=O)Nc1ccc(C)cc1)C(=O)CSc1nnc(-c2ccccc2)c(n1)-c1ccccc1
CHEMBL2333944,CC1=CC=C2NC(=O)C(=C(\C3=CC=CC=C3)C2=C1)\C4=N\N(C(C4)C5=CC=C(Br)C=C5)C(=O)CCC(O)=O
CHEMBL1565276,N[S+]([O-])(=O)C1=CC=C(C=C1)N2\N=C(/CC2C3=CC=CC=C3)C4=CC=CC=C4
31698708,COc1cccc(C2=NN(C(=O)CN(CC[NH+]3CCOCC3)C(=O)CC(C)(C)C)C(c3ccccc3Cl)C2)c1
Z4911876178,Cc1oc2ccccc2c1CNC(=O)NCc1cn(C2CC2)c(=O)[nH]c1=O
PV-001965595832,Cc1oc2ccccc2c1CNC(=O)NCc1cn(C2CC2)c(=O)[nH]c1=O
ZINC205775084,COC1=CC=C(Cl)C=C1\C2=C\C(=O)NC(=S)N2CC(N)=O
ZINC6700483,O=C(NC1=CC2=C([NH]N=C2)C=C1)C3CCC3
CHEMBL1577316,O=C(NC1=CC=C2NN=CC2=C1)C3CCC3
CHEMBL15841,Oc1ccc(cc1)C(=O)OCC
CHEMBL278172,Nc1ccc(cc1)C(=O)OCC
ZINC12358719,Nc1ccc(cc1)C(=O)OCC
Z126254100,CCCn1c(CSc2nnnn2C2CCCC2)nc2cc(ccc12)S(=O)(=O)N1CCOCC1
Z152084632,CCn1c(CSc2nnnn2Cc2ccccc2)nc2cc(ccc12)S(=O)(=O)N1CCOCC1
Z25096291,CCn1c(CSc2nnnn2-c2ccc(O)cc2)nc2cc(ccc12)S(=O)(=O)N1CCCCC1
CHEMBL13790,NC(=N)NC(=N)NC1=CC=CC(=C1)Cl
ZINC3875342,CCCc1cc2OCOc2cc1COCCOCCOCCCC
CHEMBL220360,C[C@H](NC(=O)C(C)(C)OC1=CC=C(C=N1)C(F)(F)F)[C@@H](CC2=CC=C(Cl)C=C2)C3=CC=CC(=C3)C#N
ZINC1530939,CCN(CC)CCNC(=O)c1cc(OCCCC)nc2ccccc12
CHEMBL1086,CCN(CC)CCNC(=O)c1cc(OCCCC)nc2ccccc12
ZINC205895184,CN(CCC1=CC=C(NC2=NC=C(S2)C3=CC=CN=C3)C=C1)CC4=CC=CC=C4
32494230,COc1cccc(CNC(=O)c2cccc(Nc3cc(C)nc4nc(-c5cccnc5)nn34)c2)c1
CHEMBL1441661,C(NC(C1=CC=CC=C1)(C2=CC=CC=C2)C3=CC=CC=C3)C4=CN=CC=C4
ZINC13831244,C(NC(C1=CC=CC=C1)(C2=CC=CC=C2)C3=CC=CC=C3)C4=CN=CC=C4
CHEMBL941,CN1CCN(CC1)CC2=CC=C(C=C2)C(=O)NC3=CC=C(C)C(=C3)NC4=NC=CC(=N4)C5=CC=CN=C5
ZINC19632618,CN1CCN(CC1)CC2=CC=C(C=C2)C(=O)NC3=CC=C(C)C(=C3)NC4=NC=CC(=N4)C5=CC=CN=C5
ZINC449608,CC(=O)CC(=O)NC1=CC(=C(Cl)C=C1)C(F)(F)F
CHEMBL607707,CCOC1=C(NC(=O)\C=C\CN(C)C)C=C2C(=C1)N=CC(=C2NC3=CC(=C(F)C=C3)Cl)C#N
CHEMBL1401624,O[C@@H]1CCCNC1CC(=O)CN2\C=N/C3=CC(=C(Cl)C=C3C2=O)Br
32776814,Cc1ccc(CNC(=O)CSc2ccc(N3CCCC(C(=O)NC4CC4)C3)nn2)cc1C
CHEMBL3218011,OC1=CC(=CC=C1)CNC(=O)NC2=NC(=CS2)C3=CC=NC=C3
ZINC72317687,OC1=CC(=CC=C1)CNC(=O)NC2=NC(=CS2)C3=CC=NC=C3
ZINC38545,Oc2ccccc2C(=O)Oc1ccccc1
CHEMBL1339216,Oc2ccccc2C(=O)Oc1ccccc1
CHEMBL111583,C[N+]1(C)C2CCC1CC(C2)OC(=O)C3=C[NH]C4=C3C=CC=C4
CHEMBL2048855,CC1=CSC(=N1)N(C2CC2)C(=O)CSC3=NN=C(C=C3)C4=CC=CC=C4
ZINC84669832,CC1=CSC(=N1)N(C2CC2)C(=O)CSC3=NN=C(C=C3)C4=CC=CC=C4
CHEMBL3184273,CN(C)C(=O)CN(C(C)=O)c1ccccc1
1605509,CCOC(=O)N1CCN(C(=O)CN(c2ccc(OC)c(OC)c2)S(=O)(=O)c2ccc(C)cc2)CC1
CHEMBL1908397,O=C(N1CCNCC1)C2=CC=C(C=C2)/C=C/C3=N[NH]C4=C3C=CC=C4
CHEMBL1388,Oc2ccc(OCc1ccccc1)cc2
CHEMBL1388,OC1=CC=C(OCC2=CC=CC=C2)C=C1
CHEMBL2386594,CC1=C(NC2=NC(=CC=N2)C3=CN=CC=C3)C=C(NC(=O)C4=CC=C(CN5CCNCC5)C=C4)C=C1
ZINC21981222,CC1=C(NC2=NC(=CC=N2)C3=CN=CC=C3)C=C(NC(=O)C4=CC=C(CN5CCNCC5)C=C4)C=C1
CHEMBL3040018,CC1=C(NC2=NC(=CC=N2)C3=CN=CC=C3)C=C(NC(=O)C4=CC=C(CN5CCNCC5)C=C4)C=C1
Z1437629922,CC12CC(CC(C)(C)C1)N(C2)C(=O)CCC(=O)N1CCN(CC1)c1ccccn1
ZINC52619107,ClC1=CC=CC(=C1Cl)N2CCN(CC2)C\C=C\CNC(=O)C3=CC=C(C=C3)C4=NC=CC=C4
CHEMBL180010,ClC1=CC=CC(=C1Cl)N2CCN(CC2)C\C=C\CNC(=O)C3=CC=C(C=C3)C4=NC=CC=C4
43756189,O=C(CCCN1C(=O)c2ccccc2C1=O)OCC(=O)N1CCN(S(=O)(=O)c2ccccc2)CC1
12604832,CCOc1ccc(N(C(C)C(=O)N2CCN(S(=O)(=O)c3ccccc3)CC2)S(C)(=O)=O)cc1
Z29504427,COc1ccc(cc1)S(=O)(=O)N1CCN(CC1)C(=O)c1cc(nc2ccccc12)-c1ccco1
Z30870926,COc1ccc(CNC(=O)c2cc(ccc2N2CCCC2)S(=O)(=O)N2CCCCC2)cc1
CHEMBL1234429,FC1=CC=C(CN2\C=C/C=C(/C(=O)N[C@@H](COC3=CC4=C(NC(=O)N4)C=C3)C5=CC=CC=C5)C2=O)C=C1F
ZINC49771282,[O-][N+](=O)C1=CC=C(OC(=O)N2CCN(CC2)CC3=CC=CC(=C3)OC4=CC=CC=C4)C=C1
Z4911889326,O=C(Cn1cnc(Br)n1)N1CCN(S(=O)(=O)c2ccc(Cl)s2)CC1
PV-001916325976,O=C(Cn1cnc(Br)n1)N1CCN(S(=O)(=O)c2ccc(Cl)s2)CC1
ZINC68106498,OC(=O)CCC1=C(F)C=C(NCC2=C3CCCN(CCOC4=CC=CC=C4)C3=CC=C2)C=C1
CHEMBL4303234,OC(=O)CCC1=C(F)C=C(NCC2=C3CCCN(CCOC4=CC=CC=C4)C3=CC=C2)C=C1
Z160683556,CCCn1c2ccccc2n(CCC(=O)N2CCCc3cc(ccc23)S(=O)(=O)N2CCCC2)c1=O
CHEMBL55659,O=C2c1ccccc1C(=O)c3ccccc23
ZINC100014196,O=C3c4ccccc4N/C3=C2/Nc1ccccc1C2=O
ZINC3847491,O=C2c1ccccc1C(=O)c3ccccc23
ZINC3994929,CN1C(=O)N(C(=O)[C@@]1(C)CC2=CC=C(Br)C=C2)C3=CC(=CC(=C3)Cl)Cl
ZINC1919,ClC1=CC=CC=C1C/2=N/CC(=O)NC3=C2C=C(Br)C=C3
ZINC100469404,O\N=C1\C(NC2=CC=CC=C12)=C3\C(=O)NC4=CC(=CC=C34)Br
ZINC13777007,CC(C)C1=CC=CC(C(C)C)=C1N2C(=O)C3=CC=C(O)C=C3C2=O
CHEMBL1200935,Br.NC(=O)C(c1ccccc1)(c2ccccc2)[C@@H]3CCN(C3)CCc4cc5CCOc5cc4
ZINC169335815,CC1=C([C@H](OC(C)(C)C)C(O)=O)C(=C2C=CC=CC2=N1)C3=CC=C4OCCC5=CC=NC3=C45
CHEMBL3259907,CC1=C([C@H](OC(C)(C)C)C(O)=O)C(=C2C=CC=CC2=N1)C3=CC=C4OCCC5=CC=NC3=C45
ZINC1488870,NC1=C(NC(=O)C2=CC=C(CNC(=O)OCC3=CC=CN=C3)C=C2)C=CC=C1
CHEMBL27759,NC1=C(NC(=O)C2=CC=C(CNC(=O)OCC3=CC=CN=C3)C=C2)C=CC=C1
CHEMBL1607275,OS(O)(=O)=O.CN1C2CCC1CC(C2)OC(=O)C(CO)C3=CC=CC=C3.CN4C5CCC4CC(C5)OC(=O)C(CO)C6=CC=CC=C6
CHEMBL2170177,COC1=CC=C(C[N]2C=CC3=C2C=C(C=C3)C(=O)NO)C=C1
ZINC43178454,COC1=CC=C(C[N]2C=CC3=C2C=C(C=C3)C(=O)NO)C=C1
CHEMBL1526649,CC1=CC(Cl)=CC=C1OCCCC(=O)NO
ZINC3820709,ONC(=O)CCCCCCC(=O)NC1=CC=CN=C1
PV-002766000562,Cc1ccc(F)cc1C(=O)NC(CNc1cc(=O)[nH]c(=O)[nH]1)C1CC1
Z4911876207,Cc1ccc(F)cc1C(=O)NC(CNc1cc(=O)[nH]c(=O)[nH]1)C1CC1
CHEMBL116315,COc1ccc(cc1OC)CNCC(O)COc2ccc3NC(=O)C=Cc3c2
CHEMBL1215661,FC1=CC=C(CCN2CCN(CC2)C(=O)C3=C4[NH]C=C(C#N)C4=CC=C3)C=C1
ZINC56898757,FC1=CC=C(CCN2CCN(CC2)C(=O)C3=C4[NH]C=C(C#N)C4=CC=C3)C=C1
11774873,N#Cc1ccccc1S(=O)(=O)N1CC[NH+](CC(=O)NCc2ccc(C[NH+]3CCOCC3)cc2)CC1
11808502,Cc1ccc(S(=O)(=O)N2CCN(C(=O)CCCN3C(=O)NC4(CCCC4)C3=O)CC2)c(C)c1
18857566,CCCCn1c(N)c(N(CCOC)C(=O)C2CCN(S(=O)(=O)c3ccc(C)cc3C)CC2)c(=O)[nH]c1=O
43838718,Cc1noc(C)c1COc1ccccc1C(=O)N1CCN(S(=O)(=O)c2cccc(C(F)(F)F)c2)CC1
ZINC157458,OCc1ccc(Cl)cc1Cl
ZINC1481819,CC1=CC(=CC(=C1)NC(=O)CC2=CC=C(OC(C)(C)C(O)=O)C=C2)C
CHEMBL18901,CC1=CC(=CC(=C1)NC(=O)CC2=CC=C(OC(C)(C)C(O)=O)C=C2)C
CHEMBL3633033,CN1CCN(CC1)CC2=CC=C(NC(=O)CC3=CC=C(OC4=CC(=NC=N4)NC(=O)C5CC5)C=C3)C=C2C(F)(F)F
ZINC205669012,CN1CCN(CC1)CC2=CC=C(NC(=O)CC3=CC=C(OC4=CC(=NC=N4)NC(=O)C5CC5)C=C3)C=C2C(F)(F)F
171835375,Cc1cc(OCC2(CC(=O)N3CC[NH+](C)CC3)CCN(S(=O)(=O)Cc3ccccc3)CC2)ccc1Cl
ZINC8819,CCC(=O)N1CCN(CC1)C(=O)C2=CC=CC=C2
CHEMBL309176,CCC(=O)N1CCN(CC1)C(=O)C2=CC=CC=C2
PV-001933836244,CN1CCCN(S(=O)(=O)c2ccccc2S(=O)(=O)N2CCCC2)c2ccc(F)cc21
Z4911889080,CN1CCCN(S(=O)(=O)c2ccccc2S(=O)(=O)N2CCCC2)c2ccc(F)cc21
Z4911889673,COC(=O)c1cn[nH]c1S(=O)(=O)N1CCCN(C(=O)CC(C)C)CC1
43872339,Cc1ccc(S(=O)(=O)NCC(=O)Nc2cccc(S(=O)(=O)N3CCCCCC3)c2)cc1C
ZINC1798,CN2CCC[C@@H]2c1cnccc1
CHEMBL9732,CN2CCC[C@@H]2c1cnccc1
ZINC9407519,COC1=CC=C(C=C1)N2CCN(CC2)C(=O)C3=CC4=C(S3)C5=C(C=CC=C5)[S+]([O-])(=O)C4
CHEMBL1509398,COC1=CC=C(C=C1)N2CCN(CC2)C(=O)C3=CC4=C(S3)C5=C(C=CC=C5)[S+]([O-])(=O)C4
25392386,COc1cccc(N2CCN(C(=O)c3coc(C[NH+]4CC[NH+](CC(O)C[NH+]5CCCCC5)CC4)n3)CC2)c1
CHEMBL9666,COC1=C(C=CC=C1)N2CCNCC2
ZINC12687,COC1=C(C=CC=C1)N2CCNCC2
ZINC1537496,COC1=C(C=CC=C1)N2CCN(CCCCN3C(=O)C4=C(C=CC=C4)C3=O)CC2
CHEMBL1650951,CC(C)(O)C(=O)N1CCN(CC1)C2=CC(=C(C=C2)C(F)(F)F)/C3=C(/C(=O)NC3=O)C4=C[NH]C5=C4C=CC=C5
ZINC66103171,CC(C)(O)C(=O)N1CCN(CC1)C2=CC(=C(C=C2)C(F)(F)F)/C3=C(/C(=O)NC3=O)C4=C[NH]C5=C4C=CC=C5
ZINC602639,C[N]1C2=CC=C(F)C=C2C\3=C1C(=O)N(\C=C3C(=O)N4CCCC4)C5=CC=CC=C5
ZINC1167681,[O-][N+](=O)C1=CC(=CC=C1Cl)C(=O)N2CCN(CC2)C3=CC=CC=C3F
ZINC116933276,CC(=O)N1CCN(CC1)C2=CN=C(NC(=O)CC3=CN=C(C(=C3)C)C4=CC(=NC=C4)F)C=C2
CHEMBL3263571,COC1=CC=C(C=C1)C2=CC=C(C=C2)C3=C[N](N=N3)C(=O)N4CCCCC4C5=CC=CC=C5
ZINC136138,O=C(c1ccc(cc1O)OC)c2ccccc2
CHEMBL1201011,Cl.O=C(OCC)[C@H](CCc1ccccc1)N[C@@H](C)C(=O)N2Cc3ccccc3C[C@H]2C(=O)O
CHEMBL2030075,CC(C)(C)OC1=CC=C(OCC2CC3=C(CN2C(=O)C4=C5C=CC=CC5=CC=C4)C=CC=C3)C=C1
CHEMBL397070,CC[C@@H](C)[C@H](N)C(=O)N1CC2=C(C1)C=CC=C2
ZINC24117641,COC1=CC=C(CN2CCN(CC2)C(=O)CCNC(=O)C3=CC=C(C=C3)C(C)(C)C)C=C1
ZINC59263715,ClC1=CC(=CC(=C1)COC(=O)N2CCN(CC2)CCC(=O)C3=CC=C4NC(=O)OC4=C3)Cl
ZINC581684,CN(C)C1=CC=CC(=C1)C(=O)NC2=CC(=C(C)C=C2)NC(=O)C3=CC=C(O)C=C3
CHEMBL583042,CC1=CN=C(NC2=CC=C(F)C=C2Cl)N=C1C3=C[NH]C(=C3)C(=O)N[C@H](CO)C4=CC=CC(=C4)Cl
ZINC35880991,CC1=CN=C(NC2=CC=C(F)C=C2Cl)N=C1C3=C[NH]C(=C3)C(=O)N[C@H](CO)C4=CC=CC(=C4)Cl
CHEMBL1200604,OCC(c1ccccc1)C(=O)N(CC)Cc2ccncc2
CHEMBL1605492,COc1cc(cc(OC)c1)OC
CHEMBL1200359,O=S(=O)(Nc1ncc(cn1)OC)c2ccc(N)cc2
PV-001826976736,Cc1ccc(NC(=O)Cc2c(C)[nH]c(=O)[nH]c2=O)c(OCC2CCCO2)c1
CHEMBL2180479,CCCC(C(O)=O)C1=C(C2=CC=CC=C2)C3=CC(=CC=C3N=C1C)Cl
CHEMBL274990,CS(=O)(=O)C1=CC=C(C=C1)N2N=C(C=C2C3=CC=C(F)C=C3)C(F)(F)F
35896398,CCC(C)NS(=O)(=O)c1cc([N+](=O)[O-])ccc1Oc1c(C)c(C(=O)NCC2CCCO2)nn1C(C)(C)C
27177123,CCOC(=O)c1[nH]c(C)c(CN(CC2CCCO2)C(=O)c2ccc(OCC)cc2)c1C
ZINC3178194,CC1(C)CC(CC(C)(C)N1)NC(=O)C(=O)NC2=CC=C(Br)C=C2
CHEMBL594768,CC1(C)CC(CC(C)(C)N1)NC(=O)C(=O)NC2=CC=C(Br)C=C2
ZINC1533102,O=C(NCCO[N+]([O-])=O)c1cccnc1
6569505,CCOc1ccc(C(C(=O)NC2CCCCC2)N(C(=O)CCCC(=O)Nc2ccccn2)c2cc(OC)ccc2OC)cc1
CHEMBL1698,Cl.O=C(c1cc(Cl)ccc1)C(C)NC(C)(C)C
ZINC3861630,CC1=CC(=C2C(=O)C3=C(O)C=CC=C3C(=O)C2=C1)O
CHEMBL41092,CC1=CC(=C2C(=O)C3=C(O)C=CC=C3C(=O)C2=C1)O
CHEMBL53418,Oc3cccc2C(=O)c1cccc(O)c1C(=O)c23
CHEMBL289277,CC1=CC2=C(C(=C1)O)C(=O)C3=C(C=C(O)C=C3O)C2=O
ZINC3824868,CC1=CC2=C(C(=C1)O)C(=O)C3=C(C=C(O)C=C3O)C2=O
Z2436027608,Cn1cc(S(=O)(=O)NC2CCN(C(C)(C)C)C2=O)c(=O)n(C)c1=O
CHEMBL388676,ClC(Cl)(Cl)SN1C(=O)C2C\C=C/CC2C1=O
CHEMBL1200795,CN3CCC[C@@H]3CCO[C@](C)(c1ccccc1)c2ccc(Cl)cc2.O=C(O)/C=C/C(=O)O
ZINC4217476,CC(=O)O[C@H]1[C@H](O[C@H](COC(C)=O)[C@@H](OC(C)=O)[C@@H]1OC(C)=O)O[C@]2(COC(C)=O)O[C@H](COC(C)=O)[C@@H](OC(C)=O)[C@@H]2OC(C)=O
CHEMBL2105790,CC(=O)O[C@H]1[C@H](O[C@H](COC(C)=O)[C@@H](OC(C)=O)[C@@H]1OC(C)=O)O[C@]2(COC(C)=O)O[C@H](COC(C)=O)[C@@H](OC(C)=O)[C@@H]2OC(C)=O
300146207,CC(=O)OCC1OC(Sc2nc3ccccc3s2)C(OC(C)=O)C(OC(C)=O)C1OC(C)=O
CHEMBL1614854,OC[C@H]1O[C@@H](O)[C@H](O)[C@@H](O)[C@@H]1O
ZINC3833800,OC[C@H]1O[C@@H](O)[C@H](O)[C@@H](O)[C@@H]1O
CHEMBL1369461,OCC1O[C@H](O)C(Cl)C(O)C1O
ZINC13512456,C\C(O)=C(C#N)\C(=O)NC1=CC=C(C=C1)C(F)(F)F
6594469,O=C(CN(CC1CCCO1)C(=O)CNS(=O)(=O)c1ccccc1)NC1CCCCC1
Z52429590,Cc1cccc(c1)C(=O)Nc1ccccc1C(=O)Nc1cccc(c1)S(=O)(=O)NC(C)(C)C
CHEMBL1200541,[Cl-].[Cl-].Clc2ccccc2C[N+](CC)(CC)CCNC(=O)C(=O)NCC[N+](Cc1ccccc1Cl)(CC)CC
CHEMBL1181770,CN(C)CCN(CC1=CC=C(C=C1)C2=CC=C(CNCCC3=CC=CC=C3)C=C2)C(=O)CCC4CCCC4
CHEMBL1256841,O=C(CCNNC(=O)C1=CC=NC=C1)NCC2=CC=CC=C2
CHEMBL134570,CC(=O)NC(CC1=CC=CC=C1)C(O)=O
CHEMBL54797,C[C@H](NC(=O)[C@H](CC1=CC=CC=C1)NC(=O)OCC2=CC=CC=C2)C(=O)CF
CHEMBL429,CC(CCC1=CC=CC=C1)NCC(O)C2=CC(=C(O)C=C2)C(N)=O
CHEMBL1209885,OC1=C(O)C=C(C=C1)\C=N\NC(=O)C2=C(O)C=C3C=CC=CC3=C2
ZINC90623776,OC1=C(O)C=C(C=C1)\C=N\NC(=O)C2=C(O)C=C3C=CC=CC3=C2
CHEMBL604710,O=C(CC(C1=CC=CC=C1)C2=CC=CC=C2)N3CCN(CC3)C(C4=CC=CC=C4)C5=CC=CC=C5
ZINC20509316,O=C(CC(C1=CC=CC=C1)C2=CC=CC=C2)N3CCN(CC3)C(C4=CC=CC=C4)C5=CC=CC=C5
Z136862336,O=C(N1CCN(CCN2CCCC2)CC1)c1cn(Cc2ccccc2)nc1-c1cccnc1
CHEMBL1370630,COC1=CC=C(C=C1)C2CC(=N/N2C3=CC=C(C=C3)[S+](N)([O-])=O)\C4=CC=CC=C4
22699652,COc1ccc(C2CC(c3cccs3)=NN2C(=O)CSc2nnc(CNC(=O)c3cc(OC)cc(OC)c3)n2CCc2ccccc2)cc1
ZINC19362182,C1CN(CCN1)CC2=C3C=CC=CC3=CC=C2
CHEMBL1673307,C1CN(CCN1)CC2=C3C=CC=CC3=CC=C2
ZINC205876820,COC(=O)C1=CC(=CC(=C1)CN2CCN(CC2)C(N)=N)C(=O)N3CCN(CC3)C(=O)C4=CC=C(C=C4)C(N)=N
ZINC87723492,CN(C)C/C=C/C(=O)NC1=CC=CC(=C1)C(=O)NC2=CC=C(NC3=NC=CC(=N3)C4=CN=CC=C4)C=C2
CHEMBL3393607,CN(C)C/C=C/C(=O)NC1=CC=CC(=C1)C(=O)NC2=CC=C(NC3=NC=CC(=N3)C4=CN=CC=C4)C=C2
ZINC1488208,BrC1=CC(=CC=C1)NC2=NC=NC3=CC=C(NC(=O)C=C)C=C23
CHEMBL285063,BrC1=CC(=CC=C1)NC2=NC=NC3=CC=C(NC(=O)C=C)C=C23
ZINC13339934,COC1=CC=C(C=C1OC)[C@H]2CC3=CC=CC(=C3C(=O)O2)O
910760,COC1=C(C2=CC=CC=C2)C=C(C(=O)N2CCN(C3=CC=C(C(N)=O)C=C3)CC2)C=C1
CHEMBL1200604,CCN(CC1=CC=NC=C1)C(=O)C(CO)C2=CC=CC=C2
CHEMBL1200887,Cl.COc1c(cc(cc1OC)C(=O)NCc2ccc(OCCN(C)C)cc2)OC
ZINC64857905,NC1=C(NC(=O)C2=CC=C(CNC(=O)/C=C/C3=CN=CC=C3)C=C2)C=C(F)C=C1
CHEMBL1200410,Cl.CC(C)NC(=O)c1ccc(CNNC)cc1
CHEMBL3785491,OC1=CC(=CC2=CC=CN=C12)C3=CC(=CC=C3)C(=O)NCCCC4=CC=CC=C4
ZINC1530703,Cc1ccc(cc1)S(=O)(=O)NC(=O)NCCCC
43926720,CCCNC(=O)C(C)NC(=O)C1CCN(S(=O)(=O)c2cc(C(C)(C)C)ccc2C)CC1
Z2295968529,Cc1ccc(CCC(=O)N2CCC(Cc3ccccc3C(O)=O)CC2)c(C)c1
ZINC95705079,OC(=O)CCNC1=CC(=NC(=N1)C2=CC=CN=C2)N3CCC4=C(CC3)C=CC=C4
CHEMBL4303308,OC(=O)CCNC1=CC(=NC(=N1)C2=CC=CN=C2)N3CCC4=C(CC3)C=CC=C4
ZINC3828115,O=C(NCCCCC1CCN(CC1)C(=O)C2=CC=CC=C2)\C=C\C3=CN=CC=C3
ZINC19156872,CN1CCN(CC1)C(C2=CC=CC=C2)C3=CC=CC=C3
Z966293736,O=C(CCS(=O)(=O)c1ccc2CCCc2c1)N1CCCC(CN2CCN(CC2)c2ccccn2)C1
Z202324608,O=C(CCC(=O)c1ccc2CCCCc2c1)OCC(=O)N1CCC(CC1)C(=O)Nc1ccccc1
32535058,O=C(CCC(=O)N1CCc2cc(S(=O)(=O)NCC[NH+]3CCOCC3)ccc21)N1CCCCC1
ZINC100001877,CCNC(=O)[C@H]1C[C@](F)(C1)C2=CC=C(CN3CCCC3)C(=C2)F
CHEMBL2151197,CCNC(=O)[C@H]1C[C@](F)(C1)C2=CC=C(CN3CCCC3)C(=C2)F
CHEMBL3186509,ClC1=CC(=CC(=C1)COC(=O)N2CCN(CC2)CCC(=O)C3=CC=C4NC(=O)OC4=C3)Cl
CHEMBL1214827,CC(C)C1=C(O)C=C(O)C(=C1)C(=O)N2CC3=C(C2)C=C(CN4CCN(C)CC4)C=C3
ZINC43208226,CC(C)C1=C(O)C=C(O)C(=C1)C(=O)N2CC3=C(C2)C=C(CN4CCN(C)CC4)C=C3
CHEMBL3182420,NC(=O)NC1=C(SC(=C1)C2=CC=C(CN3CCOCC3)C=C2)C(N)=O
CHEMBL4076837,CN1CCN(CC1)C(=O)C2=CC3=CC=C(CCNC4=C5C=C(C=CC5=NC=N4)C#N)C=C3C=C2
ZINC36379005,[CH3][O]C1=C([O][CH3])C(=CC(=C1)/[CH]=[CH]/[C](=[O])[N]2[CH2][CH2][N]([CH2][CH2]2)[CH2][C](=[O])[N]3[CH2][CH2][CH2][CH2]3)[O][CH3]
CHEMBL1874750,[CH3][O]C1=C([O][CH3])C(=CC(=C1)/[CH]=[CH]/[C](=[O])[N]2[CH2][CH2][N]([CH2][CH2]2)[CH2][C](=[O])[N]3[CH2][CH2][CH2][CH2]3)[O][CH3]
CHEMBL328560,O=S2(=O)CCCCN2c1ccc(cc1)S(N)(=O)=O
ZINC2119,O=S2(=O)CCCCN2c1ccc(cc1)S(N)(=O)=O
ZINC2101,Nc1ccc(cc1)S(=O)(N)=O
Z146104972,Cn1c(CNC(=O)CCn2c3ccc(cc3oc2=O)S(=O)(=O)N2CCCC2)nc2ccccc12
ZINC5823,O=S(=O)(NC(=O)NC(C)C)c2cnccc2Nc1cc(C)ccc1
CHEMBL1148,O=S(=O)(NC(=O)NC(C)C)c2cnccc2Nc1cc(C)ccc1
CHEMBL2171474,CC1=CC(=C(C)C=C1)NC(=O)[C@@H]2CCCN2[S+]([O-])(=O)C3=C4N=CC=CC4=CC=C3
ZINC95099981,CCCNC1=N[N]2C(=NC=C2C3=CC4=C([NH]N=C4)C=C3)C=C1
CHEMBL3581693,CC\C(C1=C(Cl)C=C(F)C=C1)=C(\C2=CC=C(\C=C\C(O)=O)C=C2)C3=CC4=C([NH]N=C4)C=C3
ZINC114545220,CC\C(C1=C(Cl)C=C(F)C=C1)=C(\C2=CC=C(\C=C\C(O)=O)C=C2)C3=CC4=C([NH]N=C4)C=C3
48955287,CC(NC(=O)CCCCCNS(=O)(=O)c1ccc2c(c1)OCCO2)c1ccc2c(c1)OCCO2
ZINC538440,O=S(C)(=O)c1ccc(cc1)[C@@H](O)[C@@H](CO)NC(=O)C(Cl)Cl
CHEMBL1236282,O=S(C)(=O)c1ccc(cc1)[C@@H](O)[C@@H](CO)NC(=O)C(Cl)Cl
CHEMBL64379,CCCCC\C=C/C\C=C/CCCCCCCC(=O)NC(C)c1ccccc1
ZINC4214849,CCNC(=O)N1CCN(CCCC(C2=CC=C(F)C=C2)C3=CC=C(F)C=C3)CC1
CHEMBL1079935,CCNC(=O)N1CCN(CCCC(C2=CC=C(F)C=C2)C3=CC=C(F)C=C3)CC1
CHEMBL2261102,CNC1=C(Cl)C=C(C(=O)N[C@@H]2CCN(CC3=CC=CC=C3)[C@@H]2C)C(=C1)OC
ZINC538069,CNC1=C(Cl)C=C(C(=O)N[C@@H]2CCN(CC3=CC=CC=C3)[C@@H]2C)C(=C1)OC
CHEMBL1256846,Cl.OC1CCCCC1N2CCC(CC2)C3=CC=CC=C3
CHEMBL273575,CN1CC(C2=CC=CC=C2)C3=CC=CC(=C3C1)N
ZINC3995796,CCC(=O)N[C@H]1C[C@@H](C2=CC=CC=C2)C3=CC=CC=C3C1
CHEMBL1946402,CCC(=O)N[C@H]1C[C@@H](C2=CC=CC=C2)C3=CC=CC=C3C1
CHEMBL574558,CN1CCC2=C(C=C(O)C(=C2Cl)O)C(C1)C3=CC(=CC=C3)C
CHEMBL520992,CN1CCC2=C(C=C(O)C(=C2Cl)O)C(C1)C3=CC(=CC=C3)C
ZINC57060,COC1=CC2=C([NH]C=C2CCNC(C)=O)C=C1
CHEMBL45,COC1=CC2=C([NH]C=C2CCNC(C)=O)C=C1
ZINC1592424,CNCCC1=C[NH]C2=C1C=C(O)C=C2
ZINC3874496,Clc2cc(ccc2NC(=O)c1cc(Cl)ccc1O)[N+]([O-])=O
ZINC3874496,OC1=C(C=C(Cl)C=C1)C(=O)NC2=C(Cl)C=C(C=C2)[N+]([O-])=O
CHEMBL1448,Clc2cc(ccc2NC(=O)c1cc(Cl)ccc1O)[N+]([O-])=O
CHEMBL2204495,FC1=NC=CC(=C1)C2=CC=C(OCC3=CC=CC=C3)C(=C2)C(=O)NC4=CC=CN=C4
6796993,[H]C12CC3([H])CC([H])(C1)CC(N1CCN(C(=O)C4=NN5C(=C4)[NH2+][C@@]([H])(C4=CC=CC=C4)C[C@]5([H])C4=CC=CC=C4)CC1)(C2)C3
CHEMBL2177757,O=C(CC1=CC=CC=C1)NC2=NN=C(CCSCCC3=NN=C(NC(=O)CC4=CC=CC=C4)S3)S2
CHEMBL33103,CC(=O)NCCC1=C[NH]C2=C1C=C(O)C=C2
Z15706447,O=C(CSc1ccccc1C(=O)OCC(=O)N1CCC(Cc2ccccc2)CC1)N1CCCC1
CHEMBL2106966,CC(C(=O)NC1=NC=CC(=C1)C)C2=CC(=CC=C2)C(=O)C3=CC=CC=C3
CHEMBL1362780,CCC(=O)O.CCC(=O)O.O=C(Nc1cc(ccc1)C2=NCCN2)Nc3cccc(c3)C4=NCCN4
CHEMBL1951444,O=C(NC1=CC=C(C=C1)C2=CC=C(C=C2)C#N)NC3=CC=C(C=C3)C4=CC=NC5=C4N=C[NH]5
